12.2608693535342, 11.4579425558706, 10.7420507233103, 10.0961511741058, 9.50816510420173, 8.96925136911153, 8.47275389462012, 8.01353792555482, 7.58755969396996, 7.19158173504399, 6.82298332491581, 6.47963756407157, 6.15984178541249, 5.86230240711023, 5.58619759874216, 5.33139190214059, 5.09902402636742, 4.89320359342558, 4.72679865584661, 4.64782417912388, 4.94712965205512, 15.8153990426786, 6.63758700674864, 4.18989217025546, 3.78681951859479, 3.58294764728662, 3.43634274802212, 3.31702418150493, 3.21536333922794, 3.12736970681252, 3.0510525209708, 2.9852605873132, 2.92924281265762, 2.88245931149765, 2.84449183900772, 2.81499779453521, 2.79368495504473, 2.78029675608899, 2.77460325355524, 2.77639529974129
11.9455399286524, 8.59975709397347, 7.89014158222525, 7.41351425471861, 7.00772450762158, 6.63936457933211, 6.29755021217986, 5.97754015370892, 5.67676914819266, 5.39359750988745, 5.12683982973631, 4.87556211571903, 4.63898475859099, 4.4164318212956, 4.20730240229184, 4.01105329575148, 3.82718780297192, 3.65524808381423, 3.49480965107242, 3.34547722432586, 3.20688148487824, 3.07867645288937, 2.96053731072162, 2.85215855758529, 2.753252417962, 2.66354744987542, 2.58278731438152, 2.51072967784556, 2.44714522553893, 2.39181676996641, 2.34453844082856, 2.30511494608403, 2.27336089549127, 2.2491001794695, 2.23216539725388, 2.22239732921611, 2.21964444894154, 2.22376247123946, 2.23461393274609, 2.25206780218268
7.54040820081279, 7.16141116799164, 6.80131393147084, 6.45926689944596, 6.13448421062771, 5.82623630831795, 5.5338439681352, 5.25667335434893, 4.99413183503599, 4.7456643776454, 4.51075040236927, 4.2889010060244, 4.07965649223928, 3.88258415932635, 3.69727630805636, 3.52334843930289, 3.36043761721401, 3.20820097784648, 3.06631436648587, 2.93447108945328, 2.81238076825594, 2.69976828560522, 2.59637281419496, 2.50194692027152, 2.41625573498398, 2.33907618731435, 2.27019629308212, 2.20941449511465, 2.15653905019341, 2.11138745883709, 2.07378593437785, 2.04356890813486, 2.02057856779577, 2.00466442638901, 1.9956829194715, 1.99349702837165, 1.99797592752048, 2.00899465407598, 2.02643379820112, 2.05017921249531
7.03469323216836, 6.6822614794889, 6.34693295736229, 6.02802133114311, 5.72488257073615, 5.43691172912749, 5.16354002644923, 4.90423220270268, 4.65848410806361, 4.4258205043065, 4.20579305461442, 3.99797848210003, 3.8019768799012, 3.61741015784413, 3.44392061246815, 3.28116960874298, 3.12883636312851, 2.98661681876684, 2.85422260458597, 2.73138007095738, 2.6178293953068, 2.51332375174125, 2.41762853934326, 2.33052066430131, 2.25178787150696, 2.18122812165879, 2.11864901027874, 2.06386722537376, 2.01670804076788, 1.97700484239302, 1.94459868506285, 1.91933787746703, 1.90107759331499, 1.88967950673203, 1.88501145016749, 1.88694709321713, 1.89536564089078, 1.91015154997394, 1.93119426223856, 1.95838795335559
6.74225065531276, 6.40508706516694, 6.08409843299103, 5.77866725604666, 5.48821212891711, 5.21218520648444, 4.95006987902901, 4.70137863848938, 4.46565111736717, 4.24245228386919, 4.03137077870457, 3.83201738054149, 3.64402358851428, 3.46704031138571, 3.30073665403656, 3.1447987928961, 2.99892893275847, 2.86284433816783, 2.73627643321014, 2.61896996413261, 2.51068221973271, 2.41118230492335, 2.32025046329816, 2.23767744489429, 2.16326391568635, 2.09681990564758, 2.03816429248693, 1.9871243184171, 1.94353513753091, 1.90723939156511, 1.87808681201327, 1.85593384671515, 1.84064330920068, 1.83208404920362, 1.83013064288484, 1.83466310141899, 1.84556659670214, 1.86273120303285, 1.88605165370597, 1.91542711153802
6.55649550205831, 6.22936765648058, 5.91782980635266, 5.62130528854878, 5.33925016418587, 5.07115100810425, 4.8165228736164, 4.57490741640714, 4.34587116317292, 4.1290039120852, 3.92391725348354, 3.73024320037038, 3.54763291931286, 3.3757555532741, 3.21429712871205, 3.06295954001119, 2.92145960496122, 2.78952818557758, 2.66690936907879, 2.55335970430229, 2.44864748926006, 2.35255210591284, 2.26486339858222, 2.18538109272695, 2.11391425108771, 2.0502807644557, 1.99430687454809, 1.94582672668011, 1.90468195011091, 1.8707212641111, 1.84380010795499, 1.82378029318208, 1.81052967660148, 1.80392185263045, 1.80383586366639, 1.81015592728959, 1.82277117918477, 1.84157543075146, 1.86646694044986, 1.89734819799756
6.43159845217227, 6.11159068604152, 5.80676833037637, 5.51658203917862, 5.24051303094354, 4.97807107554444, 4.72879263572915, 4.49223914956957, 4.26799544157821, 4.05566825142286, 3.85488487025188, 3.66529187560478, 3.48655395674107, 3.31835282298684, 3.16038618838402, 3.01236682654194, 2.87402169014223, 2.74509109004355, 2.62532792937892, 2.51449698844039, 2.41237425650842, 2.31874630711152, 2.23340971349797, 2.15617050137023, 2.0868436361764, 2.02525254247414, 1.97122865308336, 1.92461098592735, 1.88524574662802, 1.85298595507337, 1.82769109431333, 1.80922678026733, 1.79746445084209, 1.79228107316463, 1.79355886773203, 1.80118504836879, 1.81505157696401, 1.83505493203576, 1.86109589023855, 1.89307931999365
6.34442003539628, 6.02973227418957, 5.72993286739448, 5.44449208504785, 5.17290925324101, 4.91471087421082, 4.66944888768673, 4.43669906134206, 4.21605949938022, 4.00714925934077, 3.80960706815005, 3.62309012928234, 3.44727301364943, 3.28184662751173, 3.12651725130956, 2.98100564385803, 2.84504620683956, 2.7183862049701, 2.60078503761418, 2.49201355798498, 2.39185343639163, 2.30009656429208, 2.21654449617762, 2.14100792655921, 2.07330619954646, 2.01326684871207, 1.96072516511757, 1.91552379154339, 1.87751234111925, 1.84654703868967, 1.82249038337725, 1.80521083092274, 1.79458249448775, 1.79048486270379, 1.79280253384106, 1.80142496505303, 1.81624623572832, 1.83716482405126, 1.86408339593642, 1.89690860556167
6.28203451443257, 5.9714750653342, 5.67557640691662, 5.39382359676216, 5.12572963345162, 4.87083367282179, 4.62869937610635, 4.39891337883085, 4.18108387039086, 3.97483927518923, 3.7798270270556, 3.59571242943065, 3.42217759447965, 3.25892045491278, 3.10565384284112, 2.96210463049496, 2.82801292807937, 2.70313133444775, 2.58722423664058, 2.48006715466888, 2.38144612822299, 2.29115714226041, 2.20900558867506, 2.13480576147566, 2.06838038310704, 2.00956015973521, 1.95818336348787, 1.91409543979836, 1.87714863814327, 1.84720166459461, 1.82411935472666, 1.80777236552701, 1.79803688506168, 1.79479435873615, 1.79793123107865, 1.80733870204988, 1.82291249695466, 1.84455264909687, 1.87216329437965, 1.90565247710861
6.23668012766209, 5.92941843243286, 5.63663754207288, 5.35783406772665, 5.09253170307602, 4.84027951335221, 4.60065034928494, 4.37323937559837, 4.15766270463611, 3.95355612656762, 3.76057392840981, 3.57838779479912, 3.4066857840807, 3.24517137384965, 3.09356257059205, 2.95159107853643, 2.81900152324462, 2.69555072584967, 2.58100702419155, 2.47514963741255, 2.37776807085674, 2.2886615583745, 2.20763853936696, 2.13451616811765, 2.06911985315266, 2.01128282454756, 1.96084572726075, 1.91765623872066, 1.88156870902935, 1.85244382226855, 1.83014827750772, 1.81455448821758, 1.8055402988879, 1.80298871773598, 1.80678766447304, 1.81682973216939, 1.83301196232795, 1.85523563233823, 1.88340605454098, 1.91743238618709
6.2034331036068, 5.89886686150374, 5.60863546825391, 5.33224481404865, 5.06922719005426, 4.81913963441112, 4.58156239781327, 4.35609751883882, 4.14236750010843, 3.94001407716372, 3.74869707268877, 3.56809332935654, 3.39789571517493, 3.2378121957424, 3.08756496830608, 2.94688965295236, 2.81553453665496, 2.69325986626422, 2.579837186846, 2.47504872207376, 2.37868679364581, 2.29055327694343, 2.21045909036807, 2.1382237159985, 2.07367474939331, 2.01664747653341, 1.96698447605324, 1.92453524505048, 1.8891558468938, 1.86070857956592, 1.83906166318853, 1.82408894547505, 1.81566962394858, 1.81368798384711, 1.81803315071495, 1.82859885675101, 1.84528322005006, 1.86798853593376, 1.8966210796239, 1.93109091956225
6.17903192961171, 5.87671031794315, 5.58860279112515, 5.31422285690793, 5.05310986966151, 4.80482742222762, 4.56896185309536, 4.34512085951003, 4.1329322079814, 3.93204253442853, 3.74211622689159, 3.56283438436585, 3.39389384587652, 3.2350062844219, 3.0858973608727, 2.9463059333314, 2.81598331783322, 2.69469259661237, 2.58220797046784, 2.47831415204589, 2.38280579711283, 2.29548697112601, 2.21617064862422, 2.1446782431531, 2.08083916561906, 2.02449040912755, 1.97547615850992, 1.93364742287945, 1.89886168968138, 1.87098259881623, 1.84987963552068, 1.83542784078615, 1.82750753818436, 1.82600407605002, 1.83080758404597, 1.84181274320534, 1.85891856860833, 1.88202820391067, 1.91104872699427, 1.9458909660612
6.16123915996778, 5.86081588916744, 5.57450511587161, 5.30182671431226, 5.04232594556041, 4.7955718870728, 4.5611559740985, 4.33869064390762, 4.12780807462203, 3.92815901116404, 3.7394116715016, 3.56125072696662, 3.39337635096278, 3.23550333086694, 3.08736023837024, 2.94868865390464, 2.81924244116356, 2.69878706805463, 2.58709897072188, 2.48396495754671, 2.38918165028499, 2.3025549597235, 2.22389959344473, 2.15303859347747, 2.08980290178209, 2.03403095167695, 1.98556828345594, 1.94426718257912, 1.90998633893923, 1.88259052581746, 1.86195029724403, 1.84794170257241, 1.84044601716188, 1.83934948814278, 1.84454309431106, 1.85592231926641, 1.87338693696998, 1.89684080895477, 1.92619169247478, 1.96135105892768
6.14847476808395, 5.84967804089133, 5.56490716215954, 5.29368740681225, 5.03556904907435, 4.7901258235565, 4.55695349532571, 4.33566853021425, 4.12590685740492, 3.92732271703807, 3.73958758622395, 3.56238917741976, 3.39543050365107, 3.23842900552828, 3.09111573543503, 2.95323459465211, 2.82454161953105, 2.70480431315054, 2.5938010191784, 2.49132033492563, 2.39716056081945, 2.31112918374112, 2.2330423918748, 2.16272461889567, 2.10000811549329, 2.04473254637851, 1.99674461106233, 1.9558976868235, 1.92205149239915, 1.89507177104072, 1.87482999167694, 1.86120306701638, 1.85407308750643, 1.85332707014255, 1.85885672119284, 1.87055821196876, 1.88833196683313, 1.9120824626925, 1.94171803927283, 1.97715071952462
6.13959548236081, 5.84220803395705, 5.55877164989139, 5.28881624453841, 5.03189640047474, 4.78758985633978, 4.55549610125989, 4.33523506733085, 4.12644591241256, 3.9287858861741, 3.74192927294422, 3.5655664054805, 3.39940274427394, 3.24315801746294, 3.09656541684389, 2.95937084584095, 2.83133221563852, 2.71221878598959, 2.60181054749493, 2.49989764240498, 2.40627982122999, 2.32076593265755, 2.24317344447171, 2.17332799334558, 2.11106296154285, 2.05621907871231, 2.00864404709635, 1.96819218859972, 1.93472411227976, 1.90810640092497, 1.88821131548568, 1.87491651620995, 1.86810479942005, 1.86766384894024, 1.87348600125643, 1.88546802355283, 1.9035109038295, 1.92751965236, 1.95740311379875, 1.99307378929453
6.13375672173591, 5.83760213216587, 5.55533340429538, 5.28648448123409, 5.03061368813047, 4.78730224305007, 4.55615287234748, 4.33678852223241, 4.12885115896756, 3.93200065079985, 3.74591372532642, 3.57028299653922, 3.40481605628224, 3.24923462530019, 3.10327375945999, 2.9666811070926, 2.83921621373451, 2.72064987085092, 2.61076350539741, 2.50934860732756, 2.41620619238276, 2.33114629770873, 2.25398750803434, 2.18455651032201, 2.12268767495892, 2.06822266170404, 2.0210100487398, 1.98090498330024, 1.9477688524598, 1.92146897277086, 1.90187829753291, 1.88887514056408, 1.88234291542631, 1.88216988912948, 1.88824894940865, 1.90047738473141, 1.91875667625085, 1.94299230097328, 1.97309354545997, 2.00897332942777
6.13032331489393, 5.83525636615811, 5.55401792572858, 5.28614546798669, 5.03120059955215, 4.78876759016015, 4.5584520062429, 4.33987943909353, 4.13269432020732, 3.93655881704284, 3.75115180303036, 3.57616789618382, 3.41131656115162, 3.25632126997544, 3.11091871721986, 2.97485808549353, 2.84790035770698, 2.72981767270848, 2.62039272120827, 2.51941817914694, 2.42669617588787, 2.34203779481789, 2.26526260412733, 2.19619821571139, 2.1346798702914, 2.08055004699769, 2.03365809578726, 1.99385989119011, 1.9610175059886, 1.93499890353618, 1.91567764751519, 1.9029326280197, 1.89664780292847, 1.89671195360631, 1.90301845403954, 1.91546505257314, 1.93395366547498, 1.95839018160527, 1.98868427751847, 2.02474924237046
6.12881010336475, 5.83470982579966, 5.55438721434565, 5.28738286404755, 5.03326128223012, 4.79160943691232, 4.56203540636458, 4.34416712184044, 4.13765119621485, 3.94215183189391, 3.75734980193312, 3.58294149881848, 3.4186380458336, 3.26416446636109, 3.1192589068519, 2.98367190954714, 2.85716573135517, 2.73951370557689, 2.63049964343661, 2.52991727261643, 2.4375697102122, 2.3532689677299, 2.27683548592488, 2.20809769745444, 2.14689161546784, 2.09306044639921, 2.0464542253577, 2.00692947262801, 1.97434886990362, 1.94858095497483, 1.92949983368623, 1.91698490806286, 1.91092061958244, 1.91119620664313, 1.91770547534272, 1.9303465827463, 1.94902183187639, 1.97363747771149, 2.0041035435276, 2.0403336469621
6.1288414374182, 5.83560599225396, 5.55610283216312, 5.28987532997797, 5.03649057564552, 4.79553794014548, 4.56662773917655, 4.34938998877693, 4.14347324573149, 3.94854352623787, 3.76428329686478, 3.59039053234294, 3.42657783518925, 3.2725716125817, 3.12811130628139, 2.99294867174208, 2.86684710286091, 2.74958099910882, 2.64093517203921, 2.54070428841016, 2.44869234737184, 2.36471218936867, 2.2885850345861, 2.22014004893777, 2.15921393573985, 2.10565055135878, 2.05930054324545, 2.02002100888637, 1.98767517430945, 1.962132090881, 1.94326634922148, 1.93095780915104, 1.92509134465318, 1.92555660291596, 1.93224777657557, 1.94506338834779, 1.96390608728883, 1.98868245597859, 2.01930282796729, 2.05568111487062
6.13012294940684, 5.83766579448305, 5.55890016912988, 5.29337193469255, 5.04065049528878, 4.80032737553152, 4.57201489680026, 4.35534494434584, 4.14996781818746, 3.95555116136926, 3.77177895969476, 3.59835060755595, 3.43498003492609, 3.28139489099521, 3.13733578030018, 3.00255554753936, 2.87681860757065, 2.7599003173718, 2.65158638699832, 2.55167232680714, 2.45996292842802, 2.37627177715889, 2.30042079364009, 2.23223980282517, 2.17156612841573, 2.11824421106447, 2.07212524877682, 2.03306685805646, 2.00093275444658, 1.97559245121613, 1.95692097502996, 1.94479859752489, 1.93911058178926, 1.93974694281458, 1.94660222105194, 1.95957526826639, 1.97856904493738, 2.00349042850456, 2.03425003180578, 2.07076203109757
6.13242150135732, 5.84066847212467, 5.5625701691831, 5.29767469609156, 5.04555354249741, 4.80580017422959, 4.5780287208508, 4.36187275305993, 4.15698414299755, 3.9630320011069, 3.77970168374421, 3.60669386622341, 3.44372367642518, 3.29051988450439, 3.14682414459693, 3.01239028476093, 2.88698364169074, 2.77038043701924, 2.66236719227616, 2.56274017980053, 2.4713049071157, 2.38787563246768, 2.31227490940354, 2.24433315842777, 2.18388826392196, 2.13078519464878, 2.08487564628536, 2.04601770454531, 2.01407552755358, 1.98891904623473, 1.97042368156418, 1.95847007761355, 1.95294384939672, 1.95373534459291, 1.96073941828688, 1.97385521992599, 1.9929859917484, 2.01803887798737, 2.04892474420347, 2.08555800613992
6.13555069332866, 5.8444377487631, 5.56694613082474, 5.30262597384692, 5.05105065667114, 4.81181540388875, 4.58453598356283, 4.36884749391615, 4.16440323212301, 3.97087363893301, 3.78794531338896, 3.61532009238457, 3.45271419024712, 3.29985739392814, 3.15649230974768, 3.02237365796688, 2.89726761176362, 2.78095117745909, 2.67321161309257, 2.57384588266902, 2.48266014361221, 2.39946926514575, 2.32409637549884, 2.25637243599246, 2.19613584020773, 2.14323203657241, 2.09751317282408, 2.05883776092155, 2.02707036108006, 2.00208128370105, 1.98374630805538, 1.97194641665972, 1.96656754436072, 1.96750034121007, 1.97463994827756, 1.98788578560751, 2.00714135157863, 2.03231403297721, 2.06331492514011, 2.10005866156712
6.13936022813691, 5.84883168765088, 5.57189402623251, 5.3080992261247, 5.05702238551796, 4.8182603298913, 4.59143031894893, 4.37616884172408, 4.17213049306403, 3.97898692529302, 3.79642586937632, 3.62415022038645, 3.46187718250587, 3.30933746919406, 3.16627455450421, 3.03244397186073, 2.90761265690467, 2.79155833128446, 2.68406892451582, 2.58494203125951, 2.49398440157142, 2.41101146186731, 2.33584686451666, 2.2683220641379, 2.20827591881146, 2.15555431456004, 2.11000981156697, 2.07150131071538, 2.03989373913389, 2.01505775352894, 1.99686946017113, 1.98521015048305, 1.97996605125029, 1.98102808854535, 1.98829166451728, 2.00165644625823, 2.0210261660116, 2.04630843203661, 2.07741454948976, 2.1142593507268
6.14372799714496, 5.85373514545805, 5.57730530238751, 5.31399213886639, 5.06337232451706, 4.82504414818341, 4.59862623325607, 4.38375634043893, 4.18009025124068, 3.98730072604962, 3.8050765311709, 3.633121529677, 3.47115383135065, 3.31890499738831, 3.17611929588614, 3.04255300445208, 2.91797375658094, 2.80215992869655, 2.694900065009, 2.59599233755758, 2.50524403901362, 2.42247110600357, 2.34749767088318, 2.28015564004967, 2.22028429702199, 2.16772992865072, 2.12234547293964, 2.08399018707198, 2.05252933433613, 2.02783388873964, 2.0097802561864, 1.99825001117173, 1.99312964802341, 1.99431034578433, 2.00168774589517, 2.01516174189293, 2.03463628039498, 2.06001917268724, 2.09122191628118, 2.12815952584646
6.14855411633872, 5.85905408781229, 5.58309146052196, 5.32022145460709, 5.0700221815123, 4.83209327292037, 4.60605460374583, 4.391545101908, 4.18822163823012, 3.99575799037925, 3.81384387527682, 3.64218404487589, 3.48049744062533, 3.32851640232594, 3.18598592743326, 3.05266297718095, 2.92831582618826, 2.81272345248032, 2.7056749650912, 2.60696906664023, 2.51641354847407, 2.4338248161511, 2.35902744321402, 2.29185375135092, 2.23214341518745, 2.17974309008259, 2.13450606142048, 2.09629191400039, 2.06496622022838, 2.04040024590688, 2.02247067250445, 2.01105933486678, 2.0060529734029, 2.0073429998477, 2.01482527576414, 2.02839990300556, 2.04797102541183, 2.07344664106198, 2.10473842445137, 2.14176155800341
6.15375638027427, 5.86471125809763, 5.58917992786151, 5.32671903602986, 5.07690802166505, 4.83934775306847, 4.61365925781139, 4.39948253893908, 4.19647547075232, 4.00431276813265, 3.82268502388743, 3.65129780905246, 3.48987083150967, 3.33813714865855, 3.19584243022654, 3.06274426761936, 2.9386115264999, 2.82322373954626, 2.71637053657946, 2.61785110946949, 2.52747370942864, 2.44505517448394, 2.37042048508809, 2.30340234598158, 2.24384079256003, 2.19158282012932, 2.14648203455052, 2.10839832288515, 2.07719754275202, 2.05275122919919, 2.03493631797965, 2.0236348841977, 2.01873389536559, 2.02012497797636, 2.02770419676084, 2.04137184585353, 2.06103225114476, 2.08659358314537, 2.11796767973529, 2.1550698782089
6.15926676030116, 5.87064284270409, 5.5955108806808, 5.33342883820523, 5.08397738080893, 4.84675851931889, 4.62139434636927, 4.40752585852929, 4.20481185750392, 4.01292792442128, 3.83156546172513, 3.66043079764844, 3.49924434865998, 3.3477398356533, 3.20566354999142, 3.0727736658332, 2.9488395954527, 2.83364138452287, 2.72696914457235, 2.62862252004104, 2.53841018755872, 2.45614938525215, 2.38166547005281, 2.31479150112931, 2.25536784770877, 2.20324181967951, 2.15826731948533, 2.12030451392995, 2.08921952461007, 2.064884135787, 2.04717551859146, 2.03597597053421, 2.03117266936677, 2.03265744040298, 2.04032653647352, 2.05408042974183, 2.07382361466264, 2.09946442141236, 2.13091483916574, 2.16809034863459
6.16502868111416, 5.87679587876016, 5.60203477600154, 5.34030455750583, 5.09118702526359, 4.85428524888265, 4.62922230808797, 4.41564012032356, 4.21319834696189, 4.02157337217816, 3.84045734904699, 3.66955730787264, 3.5085943221764, 3.35730272813903, 3.21542939363713, 3.08273303332275, 2.95898356647841, 2.84396151463779, 2.73745743619802, 2.63927139546485, 2.54921246376885, 2.46709825047106, 2.39275446184163, 2.32601448594625, 2.26671900181409, 2.21471561128841, 2.169858492078, 2.13200807063544, 2.10103071358703, 2.07679843653058, 2.05918862910115, 2.04808379528242, 2.0433713080125, 2.04494317719946, 2.05269583032221, 2.06652990484905, 2.0863500517582, 2.11206474949258, 2.14358612772613, 2.18082980035988
6.17099488380053, 5.88312622118276, 5.60871041694406, 5.3473077899254, 5.09850119812665, 4.86189469507587, 4.63711227787864, 4.42379671989373, 4.22160848158558, 4.03022469365128, 3.84933820701556, 3.67865670473768, 3.51790187128288, 3.36680861498269, 3.22512433984686, 3.09260826319743, 2.96903077587667, 2.85417284203663, 2.74782543575201, 2.64978901191208, 2.55987300904279, 2.47789538188935, 2.40368216175348, 2.33706704272998, 2.27789099212523, 2.22600188346675, 2.18125415062952, 2.14350846171162, 2.1126314113903, 2.08849523058026, 2.07097751229924, 2.05996095272342, 2.05533310648575, 2.05698615533624, 2.0648166893437, 2.07872549987434, 2.09861738363465, 2.12440095711379, 2.15598848080499, 2.19329569262684
6.17712573531693, 5.88959693533058, 5.6155034240117, 5.35440657674047, 5.10589023532883, 4.8695593700346, 4.64503883276805, 4.43197219448344, 4.23002066034759, 4.03886205682049, 3.8581898852751, 3.68771243723019, 3.52715196667607, 3.37624391534202, 3.23473618709004, 3.10238846792554, 2.97897158839451, 2.8642669253912, 2.75806584063286, 2.66016915327041, 2.57038664429842, 2.48853659060564, 2.41444532667015, 2.34794683205302, 2.28888234298118, 2.23709998643621, 2.19245443528167, 2.1548065830677, 2.12402323724967, 2.09997682964791, 2.08254514305858, 2.07161105300209, 2.06706228366666, 2.0687911771694, 2.07669447531789, 2.09067311311067, 2.11063202326703, 2.13647995112362, 2.16812927928016, 2.20549586141708
6.1833878809726, 5.89617701654676, 5.62238501803901, 5.36157424744369, 5.1133294653483, 4.87725649820665, 4.65298099635047, 4.44014727577547, 4.23841723733242, 4.0474693574929, 3.86699774534801, 3.69671126094207, 3.53633269044612, 3.38559797404293, 3.24425548272865, 3.11206534054001, 2.98879878899362, 2.8742375907763, 2.7681734699568, 2.67040758620017, 2.5807500406594, 2.49901941139577, 2.42504231634138, 2.35865300196601, 2.29969295594691, 2.24801054226502, 2.20346065726681, 2.16590440533609, 2.13520879291816, 2.1112464397279, 2.09389530605645, 2.08303843516698, 2.07856370984079, 2.08036362219956, 2.08833505598977, 2.10237908057082, 2.12240075589949, 2.14830894785108, 2.18001615326147, 2.21743833411496
6.18975316275138, 5.90284036295394, 5.62933104449968, 5.36878849279288, 5.12079832840415, 4.88496717925471, 4.66092144311601, 4.44830613350065, 4.24678380261131, 4.05603353554958, 3.87575001047201, 3.70564261982148, 3.54543464816238, 3.39486250251224, 3.25367499139416, 3.12163264913631, 2.99850710222042, 2.8840804747326, 2.77814483019921, 2.68050164730112, 2.59096132715106, 2.50934272999525, 2.43547273936148, 2.36918585182349, 2.31032379068759, 2.25873514203153, 2.2142750116407, 2.1768047014915, 2.14619140452922, 2.12230791657654, 2.10503236429144, 2.09424794816893, 2.08984269965105, 2.09170925147451, 2.0997446204446, 2.11385000187971, 2.13393057502165, 2.15989531875415, 2.19165683701604, 2.2291311933359
6.19619774533631, 5.90956494603835, 5.63632118623468, 5.37603061742145, 5.12827966682912, 4.89267571420364, 4.66884585850719, 4.45643576765212, 4.25510860496834, 4.06454402663622, 3.88443724479953, 3.71449815151077, 3.55445049905935, 3.4040311325952, 3.26298927128987, 3.13108583457754, 3.00809281029259, 2.89379266176991, 2.78797777120313, 2.69044991676442, 2.60101978118079, 2.51950648963676, 2.44573717503371, 2.37954656878335, 2.32077661544756, 2.26927610966126, 2.22490035388832, 2.18751083566614, 2.15697492309027, 2.13316557737989, 2.11596108144648, 2.10524478346388, 2.10090485450737, 2.10283405939404, 2.11092953991598, 2.125092609713, 2.14522856008241, 2.17124647607045, 2.20305906223367, 2.24058247749896
6.20270140564026, 5.91633213686994, 5.64333832437766, 5.38328493361042, 5.13575914994656, 4.90036905978853, 4.6767424212047, 4.4645255172687, 4.26338208582804, 4.07299231996243, 3.89305193387151, 3.72327128936735, 3.56337457854267, 3.41309905854586, 3.27219433472168, 3.14042168867514, 3.01755344808871, 2.90337239537175, 2.79767121244817, 2.7002519591963, 2.61092558324519, 2.52951145900531, 2.45583695397192, 2.38973702048507, 2.33105381126517, 2.27963631716612, 2.23534002570173, 2.19802659900526, 2.16756356997838, 2.14382405547386, 2.12668648543837, 2.11603434701661, 2.11175594268767, 2.11374416156857, 2.12189626307912, 2.13611367221722, 2.15630178574412, 2.18236978862644, 2.21423048012498, 2.25180010896059
6.20924695196003, 5.92312615565125, 5.65036801665844, 5.39053826681027, 5.14322480537006, 4.90803638418093, 4.68460138201184, 4.47256666128618, 4.2715965009539, 4.08137159979429, 3.90158814491286, 3.73195694062911, 3.57220259334539, 3.42206274834545, 3.28128737479708, 3.1496380955307, 3.02688755843676, 2.91281884657249, 2.80722492429455, 2.709908116941, 2.62067962177556, 2.53935904808, 2.46577398443986, 2.39975959141433, 2.34115821791477, 2.2898190397395, 2.24559771882535, 2.2083560818805, 2.17796181715865, 2.15428818822299, 2.13721376362947, 2.12662216153388, 2.12240180829643, 2.12444571022144, 2.13265123762879, 2.14691992050825, 2.16715725505846, 2.19327252045918, 2.22517860526838, 2.26279184287636
6.21581974657157, 5.92993361963809, 5.65739806928544, 5.39777955020704, 5.1506666350553, 4.91566870340239, 4.69241471957455, 4.48055209257244, 4.27974561186653, 4.08967645337905, 3.9100412504388, 3.74055122492542, 3.58093137421171, 3.43091970986875, 3.29026654442309, 3.15873382275127, 3.03609449496645, 2.92213192789872, 2.81663935249542, 2.71941934467408, 2.63028333734875, 2.54905116152332, 2.4755506145035, 2.40961705342444, 2.35109301242421, 2.2998278419156, 2.25567736852153, 2.21850357434278, 2.1881742943219, 2.16456293055539, 2.14754818248673, 2.13701379198785, 2.13284830240543, 2.13494483071205, 2.1432008519611, 2.1575179952988, 2.17780185083692, 2.20396178673645, 2.23591077589577, 2.27356523167656
6.22240731138486, 5.93674317001032, 5.66441818389195, 5.40499949067577, 5.1580762992586, 4.92325858234788, 4.70017585758664, 4.48847605048509, 4.28782443297395, 4.09790263191448, 3.9184077023727, 3.7490512608932, 3.58955867439833, 3.43966830069286, 3.29913077687741, 3.1677083522683, 3.04517426269014, 2.93131214325293, 2.82591547694932, 2.72878707661313, 2.6397385979676, 2.55859008166381, 2.48516952236745, 2.41931246309661, 2.36086161314598, 2.30966648805486, 2.26558307018857, 2.22847348860585, 2.19820571697995, 2.1746532884287, 2.15769502618913, 2.14721478914723, 2.14310123130152, 2.14524757430302, 2.15355139227257, 2.1679144081508, 2.18824230088618, 2.21444452281318, 2.24643412661533, 2.2841276013082
6.2289990006814, 5.94354516247335, 5.67141966504335, 5.41219029229508, 5.16544685521639, 4.9307998878396, 4.70787943147577, 4.49633390049184, 4.29582902347034, 4.10604685410884, 3.92668484668637, 3.75745499135026, 3.59808300486515, 3.44830757281904, 3.3078796396025, 3.17656174277081, 3.054127388666, 2.94036046642019, 2.83505469768483, 2.73801311963484, 2.64904759898328, 2.56797837491382, 2.49463362899495, 2.42884908028404, 2.37046760396188, 2.31933887195924, 2.27531901414945, 2.23827029878321, 2.20806083093689, 2.18456426783253, 2.16765954996834, 2.15723064707248, 2.15316631796169, 2.15535988344914, 2.16370901150473, 2.17811551392493, 2.19848515381937, 2.22472746326757, 2.25675557054237, 2.29448603633612
6.23558572832784, 5.95033140958592, 5.67839517686954, 5.41934542652557, 5.17277254015796, 4.93828758380605, 4.71552109512128, 4.50412195183758, 4.30375631539801, 4.11410664411603, 3.9348707707172, 3.76576103953173, 3.60650349899498, 3.4568371454643, 3.31651321468104, 3.18529451749841, 3.06295481676253, 2.94927824247713, 2.8440587426049, 2.74709956706201, 2.65821278264828, 2.57721881682645, 2.50394602842027, 2.43823030344464, 2.37991467441292, 2.32884896158759, 2.28488943475189, 2.24789849418228, 2.21774436959626, 2.19430083593671, 2.17744694493437, 2.16706677146354, 2.16304917377501, 2.16528756675267, 2.17367970739883, 2.18812749180735, 2.20853676293306, 2.23481712851268, 2.26688178853501, 2.30464737169771
6.24215973945696, 5.95709496528698, 5.68533853975089, 5.42645944041084, 5.18004859041754, 4.9457175607381, 4.72309736012175, 4.51183730612278, 4.31160397106577, 4.12208019735097, 3.94296417696337, 3.77396859047218, 3.61481980119196, 3.46525710052686, 3.32503200083871, 3.19390757247006, 3.07165782181925, 2.9580671076066, 2.85292959269265, 2.75604872901203, 2.66723677337211, 2.5863143320356, 2.51310993216225, 2.44745961832778, 2.38920657246962, 2.33820075572966, 2.29429857077527, 2.25736254328198, 2.22726102135536, 2.20386789175595, 2.18706231187163, 2.1767284564549, 2.1727552782109, 2.17503628138513, 2.18346930755726, 2.19795633290203, 2.21840327622726, 2.24471981714551, 2.27681922377847, 2.31461818943266