0.0049751997926433, 0.100114172555999, 0.254435805554258, 0.367737306810069, 0.439557930221749, 0.483602543278076, 0.510231470483084, 0.525970239816731, 0.534707220827502, 0.538599559526878, 0.538603424138091, 0.534715141662207, 0.525978362338876, 0.510238230784849, 0.483608251289735, 0.439563839511198, 0.367742810331775, 0.25443826965422, 0.100114121091107, 0.00497519911984769
-1.86013261667375e-09, -1.41200664718595e-06, -5.31087248426292e-06, -8.77886890324268e-06, -1.08073426188912e-05, -1.28186775884193e-05, -1.70291426334768e-05, -2.40653788968157e-05, -3.25617527135139e-05, -4.04188095857423e-05, -4.56219313605718e-05, -4.64995915330435e-05, -4.29943589111304e-05, -3.62159721328302e-05, -2.77047267221459e-05, -1.87743186179335e-05, -1.07146048435357e-05, -4.37954912223491e-06, -7.55064755188347e-07, -7.21738977364039e-10
-1.63771982293308e-10, -1.05797685857245e-07, -1.90514581816801e-07, 5.13206954458241e-07, 1.93170788583905e-06, 3.84859351307667e-06, 6.59142541117079e-06, 1.02866049224199e-05, 1.4025718062529e-05, 1.6071928831557e-05, 1.56977100969018e-05, 1.2868502568874e-05, 9.37456509814733e-06, 6.34779602756026e-06, 4.11464886269217e-06, 2.45226834323301e-06, 6.71928200861729e-07, -6.44541653172787e-07, -3.69239341630673e-07, -6.09756847035945e-10
4.08812019888475e-10, 5.13259701271088e-07, 3.2515318777669e-06, 7.21985030384214e-06, 1.08051184934408e-05, 1.29008911225102e-05, 1.29820015442075e-05, 1.08762595225436e-05, 6.90778333111071e-06, 1.6917929423976e-06, -3.9999996815202e-06, -9.0551810419454e-06, -1.23438210148787e-05, -1.33756078297565e-05, -1.23440189152105e-05, -9.65606788325283e-06, -5.67348122285404e-06, -1.86505056983628e-06, -2.56483193806724e-07, -2.04645135529575e-10
1.34500695852729e-11, 9.00079017257027e-09, 1.48359225141663e-08, -6.63895490837775e-08, -1.99082713692333e-07, -3.42460021118004e-07, -4.70006559157515e-07, -6.8759499273832e-07, -9.72613156755953e-07, -1.05294121038559e-06, -8.47603878195995e-07, -4.41844532923158e-07, -3.18573259563719e-08, 1.86936183672805e-07, 1.82734816029179e-07, 6.79585650955867e-08, 1.0555250157316e-07, 2.01073887210036e-07, 8.19100766688865e-08, 1.25683647365057e-10
4.21184510688076e-11, 6.95070688956486e-08, 5.24676817348214e-07, 1.3467295682775e-06, 2.19959204212348e-06, 2.73192167300637e-06, 2.71239128462822e-06, 2.0694834099456e-06, 8.80613693863472e-07, -5.70985920494843e-07, -2.19612473242391e-06, -3.75414368377309e-06, -4.77770421259688e-06, -4.94081777358486e-06, -4.45328922996852e-06, -3.50087698271321e-06, -2.14713885984313e-06, -7.69173378733261e-07, -8.89798217879609e-08, -3.95867303589892e-11
7.91170883743038e-12, 5.06996978356282e-09, 3.19218406412334e-10, -1.01376426356263e-07, -2.67718206722568e-07, -4.1650622618846e-07, -4.93365665256644e-07, -6.43272403625442e-07, -8.10138877033529e-07, -7.7486303137882e-07, -5.47424134820596e-07, -1.94207973307344e-07, 1.06528268735249e-07, 1.8799306897898e-07, 9.93421001940006e-08, 3.64912607714696e-09, 9.22912689560297e-08, 1.81336175524106e-07, 6.08103185476325e-08, 8.39796148217579e-11
-2.82655810640554e-06, 0.267092401259291, 0.242131621534224, 0.159534024953176, 0.0987942250622892, 0.0601209398305582, 0.0360233179813827, 0.0208092237779569, 0.01073839232425, 0.00331393090555589, -0.00330256170585079, -0.0107350807700917, -0.0208107443777412, -0.0360258006918577, -0.0601215823129633, -0.0987938028934421, -0.159537301563726, -0.242137642903891, -0.267093518149696, 2.82662675773882e-06
-2.39493080203873e-10, -5.49906852961089e-06, -7.19786961743875e-06, -4.84764265760035e-06, -3.0933847939619e-06, -5.090810024116e-06, -9.97070792266287e-06, -1.40583724665043e-05, -1.48239579378527e-05, -1.1897343551679e-05, -5.53760016581587e-06, 2.46127847071077e-06, 9.36804062589218e-06, 1.37728291888061e-05, 1.56471894260316e-05, 1.51955339993085e-05, 1.29056171886811e-05, 8.99423428560378e-06, 3.55023871863047e-06, 1.00813863840831e-10
-2.04254238731259e-11, -3.54410592219586e-07, 3.92476563764756e-07, 1.92961266788877e-06, 2.91752190718555e-06, 4.00799825077914e-06, 5.7217520388277e-06, 6.86159022227208e-06, 5.37694802384347e-06, 1.56986226721795e-06, -3.03000067398005e-06, -5.92800118243439e-06, -5.87482780222884e-06, -4.62905684253289e-06, -3.28261901827451e-06, -2.99088743008259e-06, -3.03430426943735e-06, -7.66105545097961e-07, 1.16039162938897e-06, 7.49729554729759e-11
6.04819844307401e-11, 2.58758069771948e-06, 6.38804658221285e-06, 7.01364188521106e-06, 5.2172441392024e-06, 2.01846011719183e-06, -1.77407402434543e-06, -5.43226914229147e-06, -8.20637613358901e-06, -9.77833956909612e-06, -9.69478086386732e-06, -7.50883808295439e-06, -3.80501397992592e-06, 1.01709309138432e-07, 3.36016256698948e-06, 6.0793665939981e-06, 7.41048287414547e-06, 4.81996474935205e-06, 1.30309997475249e-06, 3.01038326539328e-11
1.69211323680979e-12, 3.10473368554394e-08, -5.18865648824419e-08, -2.00724167969097e-07, -2.52663951048111e-07, -2.28267963241227e-07, -2.84601810352821e-07, -4.80406023376259e-07, -3.68300388655702e-07, 1.12580305829379e-07, 5.69744603699763e-07, 7.64435532957261e-07, 5.78382375987474e-07, 1.79295442222391e-07, -1.57683495806851e-07, -9.30878056956085e-08, 1.86749711354601e-07, -3.81833855231307e-08, -2.78993118053867e-07, -1.56722504910505e-11
6.8620860611718e-12, 3.80428915616086e-07, 1.1796669601359e-06, 1.56754077020339e-06, 1.29483603205947e-06, 4.915780216681e-07, -5.75184210341615e-07, -1.65192959886398e-06, -2.35909168689974e-06, -2.72596011182196e-06, -2.87613808796656e-06, -2.3671226728907e-06, -1.04595235740531e-06, 3.48959699104649e-07, 1.29310897061838e-06, 2.07584588446353e-06, 2.57592353865074e-06, 1.89185330802926e-06, 5.19755051648023e-07, 7.34286146884166e-12
9.90582273711399e-13, 1.6463531927456e-08, -7.71225604363367e-08, -2.52102872015789e-07, -2.98188979013965e-07, -1.85786988905662e-07, -1.80138940735204e-07, -3.18412691117321e-07, -1.42696671291395e-07, 2.41892320329974e-07, 5.36547609723393e-07, 6.18753374730708e-07, 3.49095577611509e-07, -3.33120381455133e-08, -2.11758768277456e-07, -6.34370355683475e-09, 2.26167601603573e-07, -6.50538314703778e-08, -2.27037155568042e-07, -1.07169154783178e-11
-1.86013261667375e-09, -1.41200664718595e-06, -5.31087248426292e-06, -8.77886890324268e-06, -1.08073426188912e-05, -1.28186775884193e-05, -1.70291426334768e-05, -2.40653788968157e-05, -3.25617527135139e-05, -4.04188095857423e-05, -4.56219313605718e-05, -4.64995915330435e-05, -4.29943589111304e-05, -3.62159721328302e-05, -2.77047267221459e-05, -1.87743186179335e-05, -1.07146048435357e-05, -4.37954912223491e-06, -7.55064755188347e-07, -7.21738977364039e-10
0.00497518528212173, 0.100103547239954, 0.254398990080387, 0.367685194879307, 0.439510786528333, 0.483574754276963, 0.510226416779651, 0.525981789306617, 0.534725103837579, 0.538613734541915, 0.538607518395611, 0.534707014809627, 0.52596074123079, 0.510216746601595, 0.483590474061328, 0.43955770465324, 0.367748279682822, 0.254443348530127, 0.100113748729052, 0.00497519694551395
5.60300856221528e-10, 6.64418969196066e-07, 4.04550833623813e-06, 8.66119458040712e-06, 1.18279412767306e-05, 1.22970717925209e-05, 1.00459800726474e-05, 6.64681262992369e-06, 4.35362642739285e-06, 4.24252159724187e-06, 5.98780316967056e-06, 8.63417617967205e-06, 1.05447083329741e-05, 1.01799802686984e-05, 7.55067360743879e-06, 3.81359723207778e-06, 7.41013398713845e-07, -8.20902204558808e-07, -6.52691552190109e-07, -1.19973199237779e-09
-5.84979873910281e-10, -6.10623142647694e-07, -3.43644164181313e-06, -7.48727367129817e-06, -1.04199247668801e-05, -1.10586847522202e-05, -1.02265114980365e-05, -8.73769549417077e-06, -6.47365966247319e-06, -3.19084893829999e-06, 1.08407951625747e-06, 5.79733291893575e-06, 1.02729433799505e-05, 1.35742935521082e-05, 1.48583359502692e-05, 1.4018780057446e-05, 1.12230648027423e-05, 6.48356869955725e-06, 1.59522463022889e-06, 1.99848095617518e-09
1.3854896522576e-10, 6.08596215278921e-08, -6.09676922487503e-08, -4.93148741704967e-07, -8.54219452658063e-07, -6.82090870157892e-07, -2.62896307643569e-07, 3.12254036704662e-08, 1.74341484773825e-07, 1.32947448126665e-07, -2.00928287651483e-07, -7.34439365443487e-07, -1.22225327147565e-06, -1.34665466992542e-06, -1.21939059255682e-06, -8.88743706120894e-07, -6.74939306067211e-07, -4.49182751740394e-07, -1.30178542246962e-07, -1.7859667575384e-10
3.6965601899069e-11, 1.81627404694713e-08, -3.05348513337089e-08, -4.41119619175623e-07, -1.36113977024722e-06, -2.43134573431211e-06, -2.97786332678173e-06, -3.0639251631255e-06, -2.81866043231408e-06, -2.21538491523301e-06, -1.26933220203911e-06, -1.66953976268644e-07, 8.35674064244578e-07, 1.60726163416362e-06, 2.08819013112622e-06, 2.33363015162248e-06, 2.3175661873687e-06, 1.6821749082263e-06, 5.46641573062111e-07, 7.9774349267037e-10
1.92366597358219e-10, 1.11913032367444e-07, 1.94197536563185e-07, -2.78617848034222e-08, -3.73919964194303e-07, -1.81120418950877e-07, 2.19002456824085e-07, 4.52614295414053e-07, 5.75003300310706e-07, 5.76103026268283e-07, 3.31685359723126e-07, -8.62434323463977e-08, -4.88992508945391e-07, -6.86536917778072e-07, -6.51595568370481e-07, -4.1878023217307e-07, -3.07756932583262e-07, -2.57348189967083e-07, -9.09155937656581e-08, -1.35965993580098e-10
-2.39492807097113e-10, -5.49904944320966e-06, -7.19771351600587e-06, -4.84719747227175e-06, -3.09254658892099e-06, -5.08958041136706e-06, -9.9694405222684e-06, -1.40576669450557e-05, -1.48242297972261e-05, -1.18985460843808e-05, -5.53935674852826e-06, 2.45951471306369e-06, 9.36677518766348e-06, 1.37722933930539e-05, 1.56474789264531e-05, 1.51963471256027e-05, 1.29062066834249e-05, 8.99433552601118e-06, 3.55021803253487e-06, 1.0081356784409e-10
-2.8284116773382e-06, 0.267052178323457, 0.24208886107941, 0.159524157696538, 0.0988174933341911, 0.0601603002699673, 0.036059426143437, 0.020829774823795, 0.010740209784744, 0.00330091488539521, -0.00332318281994898, -0.0107550259107857, -0.0208229482546556, -0.0360262910764515, -0.0601072855225277, -0.0987704951081865, -0.159526920682205, -0.242147028469485, -0.267095693146939, 2.82685609858612e-06
8.13904922655143e-11, 3.28068222091057e-06, 7.75952282678341e-06, 7.41692621235147e-06, 3.39547555998608e-06, -1.70261148521425e-06, -5.42399806774316e-06, -5.40359193925631e-06, -2.17920881096342e-06, 1.58763688421406e-06, 4.14829448823868e-06, 4.39207609102389e-06, 1.53364601543663e-06, -2.78993044583415e-06, -5.97428286159877e-06, -6.29646666323207e-06, -4.16246634633972e-06, -1.16195357589137e-06, 1.79548508155895e-06, 1.44460450934671e-10
-8.17215844101187e-11, -2.86372236191189e-06, -6.57989386790523e-06, -6.68735525403806e-06, -3.21170817998538e-06, 3.89084244626626e-07, 2.10221373601837e-06, 3.22399492869096e-06, 4.82869260600841e-06, 6.69745274422503e-06, 8.02631757544224e-06, 8.23953569778669e-06, 7.0341612407088e-06, 4.11464668566873e-06, 3.23774365206219e-07, -3.23858323082071e-06, -6.88453665959258e-06, -9.4127338185288e-06, -6.43828304448554e-06, -2.60345603121002e-10
1.61257993059394e-11, 1.08420565066029e-07, -5.22304977845263e-07, -8.22158821187366e-07, -2.02921318773148e-07, 6.1497852578809e-07, 6.70593273822834e-07, 3.81133270353745e-07, 1.10384687509794e-07, -3.23480328556634e-07, -7.99929787353078e-07, -9.7077382476088e-07, -5.56446174159144e-07, 2.31051099326766e-08, 4.55386686217447e-07, 5.04026899374128e-07, 3.45796047217274e-07, 5.2780753363015e-07, 4.91096507113112e-07, 2.27892946783721e-11
4.398791944272e-12, 4.04790846090021e-08, -3.25230352879802e-07, -1.17833479061349e-06, -1.89070852503051e-06, -1.50469190436059e-06, -5.16758092934494e-07, 1.4742875668351e-07, 7.35922796702654e-07, 1.38082019494588e-06, 1.85217049791032e-06, 1.89154879834204e-06, 1.57657999288844e-06, 1.09562192326467e-06, 6.18615460779631e-07, 2.48716338236709e-07, -5.45225238428078e-07, -1.7570941355375e-06, -1.95841017124159e-06, -1.00425496753206e-10
2.34513933805339e-11, 3.36689916775672e-07, -9.51870104332636e-08, -6.16381248200523e-07, -2.00380894836522e-07, 6.325439000961e-07, 5.8911518343825e-07, 2.96002275211121e-07, 1.30074612382915e-07, -2.03276569959178e-07, -6.1401387745753e-07, -7.67343223795582e-07, -5.49712528576326e-07, -1.44913934293892e-07, 2.87186456071208e-07, 3.38572146801616e-07, 9.43840200993647e-08, 2.04795082268826e-07, 3.18200797166973e-07, 1.70331845225229e-11
-1.63771982293308e-10, -1.05797685857245e-07, -1.90514581816801e-07, 5.13206954458241e-07, 1.93170788583905e-06, 3.84859351307667e-06, 6.59142541117079e-06, 1.02866049224199e-05, 1.4025718062529e-05, 1.6071928831557e-05, 1.56977100969018e-05, 1.2868502568874e-05, 9.37456509814733e-06, 6.34779602756026e-06, 4.11464886269217e-06, 2.45226834323301e-06, 6.71928200861729e-07, -6.44541653172787e-07, -3.69239341630673e-07, -6.09756847035945e-10
5.60300856221528e-10, 6.64418969196066e-07, 4.04550833623813e-06, 8.66119458040712e-06, 1.18279412767306e-05, 1.22970717925209e-05, 1.00459800726474e-05, 6.64681262992369e-06, 4.35362642739285e-06, 4.24252159724187e-06, 5.98780316967056e-06, 8.63417617967205e-06, 1.05447083329741e-05, 1.01799802686984e-05, 7.55067360743879e-06, 3.81359723207778e-06, 7.41013398713845e-07, -8.20902204558808e-07, -6.52691552190109e-07, -1.19973199237779e-09
0.00497519980559386, 0.100114658983779, 0.254440800538517, 0.367750555155086, 0.439581413690801, 0.48363773396393, 0.510278167212919, 0.526024083478107, 0.534761118345236, 0.538648785340544, 0.538648448134763, 0.534759214370505, 0.526022081436682, 0.510277739082283, 0.483639554489981, 0.439587393846315, 0.367761126887528, 0.254447970785377, 0.10011517245407, 0.00497519914738812
-8.99305716495213e-10, -6.67125718092218e-07, -2.36724343283907e-06, -3.49327398592757e-06, -3.84284438358619e-06, -3.96358631429054e-06, -4.23112487576335e-06, -4.71262851673856e-06, -5.42467358006185e-06, -6.42012777086949e-06, -7.48681320981393e-06, -8.00265640721089e-06, -7.46078857450777e-06, -5.96428833942526e-06, -4.54184596752338e-06, -4.22969069055815e-06, -4.40803796859871e-06, -2.65484965680951e-06, -2.06171696473907e-07, 1.94635472171773e-10
1.66523622100338e-11, -1.14499622108065e-10, -8.06009540666018e-08, -2.29577011064317e-07, -4.04067561867552e-07, -6.39638805088825e-07, -9.23118974541375e-07, -1.24253759433394e-06, -1.58786664351631e-06, -1.70118687742113e-06, -1.40900404648675e-06, -8.61064629709457e-07, -3.64264176051289e-07, -7.590067671882e-08, 6.66391597227209e-08, 2.8707766746102e-07, 4.21095260344536e-07, 3.42036761553278e-07, 1.03063344965641e-07, 1.42427957039552e-10
-4.40947754739633e-10, -2.80232309197259e-07, -6.7822620722845e-07, -5.01138413488629e-07, -5.65126834109262e-08, 2.76239857194077e-07, 2.67243609164388e-07, 6.49656204841131e-08, -2.71181263325937e-07, -9.47817476048671e-07, -1.9272260004936e-06, -2.7605689463197e-06, -2.92444127967318e-06, -2.4200758815464e-06, -1.88778030871745e-06, -2.26244149686924e-06, -2.88391177888895e-06, -1.79195029827697e-06, -1.85807048284077e-07, 2.65183488701542e-11
3.32138835848373e-11, 1.82918899395406e-08, 2.34433511926638e-08, -2.75905168549945e-08, -1.30500398652634e-07, -3.24549527949385e-07, -5.69273075503155e-07, -8.23134410377471e-07, -1.0946515594064e-06, -1.17783632863776e-06, -8.85002321806121e-07, -3.71542050525094e-07, 8.42207753479471e-08, 3.33174879786507e-07, 4.07307085924142e-07, 5.46805683290679e-07, 6.26650800218897e-07, 4.81222569396563e-07, 1.30054624684661e-07, 1.67384265335695e-10
-2.04253180050288e-11, -3.54403193497649e-07, 3.92512687628868e-07, 1.92966952818541e-06, 2.91754772660392e-06, 4.00795195053561e-06, 5.7217341219969e-06, 6.86182176880917e-06, 5.37744721914292e-06, 1.5703856067648e-06, -3.02971196794266e-06, -5.92793463937209e-06, -5.87482803661936e-06, -4.62910734931734e-06, -3.28277589012883e-06, -2.99117617169829e-06, -3.03459254891518e-06, -7.66246377787388e-07, 1.16036806249914e-06, 7.49726182550351e-11
8.13917074515519e-11, 3.28076714567869e-06, 7.7599419007127e-06, 7.41764362399091e-06, 3.39615263565391e-06, -1.70231885695662e-06, -5.42411660133179e-06, -5.40383330724812e-06, -2.17942559062863e-06, 1.58737931264188e-06, 4.14791492732028e-06, 4.3916263148194e-06, 1.53321559220221e-06, -2.79030707976061e-06, -5.97452469397993e-06, -6.29658050762266e-06, -4.16256493002728e-06, -1.16205374932368e-06, 1.79545509362885e-06, 1.44460021838252e-10
-2.82653805049046e-06, 0.26709568103934, 0.242143389061535, 0.159550581713671, 0.0988136989409773, 0.0601420536618232, 0.036040654038242, 0.0208156500579606, 0.0107333810386142, 0.00330511243666856, -0.00330709011466021, -0.0107352620087994, -0.0208141465139899, -0.0360373382775209, -0.0601366442329096, -0.0988045027856008, -0.159549012977275, -0.242155655040396, -0.267100558820152, 2.8265827494239e-06
-1.15211842785726e-10, -2.55123504765377e-06, -2.83646080884634e-06, -1.25055896744821e-06, -3.02883096344218e-07, -2.98775484807481e-07, -6.57465285183138e-07, -1.03716384113754e-06, -1.50716196305571e-06, -1.90913790953514e-06, -1.53090344398515e-06, -3.42009781085596e-08, 1.9284053482925e-06, 2.84064944068619e-06, 1.61463055598042e-06, -3.40599778742564e-07, 1.20252373192086e-06, 4.75701293950883e-06, 1.81057825019878e-06, -1.11016087827587e-11
1.64894048595673e-12, -3.73196749729223e-08, -2.18330542952264e-07, -2.85664346120525e-07, -3.55497913086445e-07, -4.61403889614593e-07, -5.2659800627624e-07, -6.13972142480734e-07, -4.62536554057515e-07, 1.52927890842373e-07, 7.96931040608019e-07, 9.74292787564073e-07, 7.00432424020325e-07, 3.32385134365727e-07, 3.11835615320404e-07, 3.5338631505703e-07, 5.45998598857658e-08, -3.45390201446474e-07, -3.86150343482623e-07, -1.81504550772245e-11
-5.46788701352125e-11, -9.32358165684417e-07, -2.74094374213459e-07, 6.47469644527819e-07, 7.58099419823595e-07, 2.9395131718642e-07, -2.22035338170359e-07, -4.48999505927597e-07, -8.56115387997945e-07, -1.50987454533672e-06, -1.71517084924395e-06, -9.43207457596945e-07, 3.73652407785762e-07, 1.12784681022506e-06, 2.07113871387724e-07, -1.28257228838312e-06, 3.33273521917905e-07, 3.09811816055619e-06, 1.30991741995623e-06, 4.70784939382298e-12
4.00889336693372e-12, 5.11474444494545e-08, -3.74744893143267e-08, -1.30625569572907e-07, -2.58006227266433e-07, -3.98311357994347e-07, -4.37131283465267e-07, -4.81219324868214e-07, -3.66944673337411e-07, 1.78292421099829e-07, 7.6506459359998e-07, 9.02029933660212e-07, 6.33679901562417e-07, 2.40321629511809e-07, 1.71162160708369e-07, 2.33350098697194e-07, -3.5379961571798e-08, -5.33311099112116e-07, -5.13951979945139e-07, -2.16841859215638e-11
4.08812019888475e-10, 5.13259701271088e-07, 3.2515318777669e-06, 7.21985030384214e-06, 1.08051184934408e-05, 1.29008911225102e-05, 1.29820015442075e-05, 1.08762595225436e-05, 6.90778333111071e-06, 1.6917929423976e-06, -3.9999996815202e-06, -9.0551810419454e-06, -1.23438210148787e-05, -1.33756078297565e-05, -1.23440189152105e-05, -9.65606788325283e-06, -5.67348122285404e-06, -1.86505056983628e-06, -2.56483193806724e-07, -2.04645135529575e-10
-5.84979873910281e-10, -6.10623142647694e-07, -3.43644164181313e-06, -7.48727367129817e-06, -1.04199247668801e-05, -1.10586847522202e-05, -1.02265114980365e-05, -8.73769549417077e-06, -6.47365966247319e-06, -3.19084893829999e-06, 1.08407951625747e-06, 5.79733291893575e-06, 1.02729433799505e-05, 1.35742935521082e-05, 1.48583359502692e-05, 1.4018780057446e-05, 1.12230648027423e-05, 6.48356869955725e-06, 1.59522463022889e-06, 1.99848095617518e-09
-8.99305716495213e-10, -6.67125718092218e-07, -2.36724343283907e-06, -3.49327398592757e-06, -3.84284438358619e-06, -3.96358631429054e-06, -4.23112487576335e-06, -4.71262851673856e-06, -5.42467358006185e-06, -6.42012777086949e-06, -7.48681320981393e-06, -8.00265640721089e-06, -7.46078857450777e-06, -5.96428833942526e-06, -4.54184596752338e-06, -4.22969069055815e-06, -4.40803796859871e-06, -2.65484965680951e-06, -2.06171696473907e-07, 1.94635472171773e-10
0.00497519933689228, 0.100113898894717, 0.254435404351195, 0.367738733592373, 0.439564386206778, 0.483616785157081, 0.510252662667736, 0.525993516573204, 0.534727541517359, 0.538615754207914, 0.538619481946599, 0.534736185672019, 0.5260043860985, 0.510264637409055, 0.48363148252634, 0.43958373860484, 0.367757785069506, 0.254444375013844, 0.10011477360684, 0.00497519925789893
1.16493059708468e-10, 8.0558190336351e-08, 2.38264521125471e-07, 2.39115563962863e-07, 1.79553759978335e-07, 1.03768778307268e-07, 2.48328847792201e-08, -1.09227584199098e-07, -2.71992764329114e-07, -3.54004457903238e-07, -3.24325399082843e-07, -3.11865895651607e-07, -4.22246383484922e-07, -6.54344432523804e-07, -8.80527147339265e-07, -1.00388790769121e-06, -1.05123719567295e-06, -7.060064414461e-07, -1.26155504146751e-07, -1.0445022644437e-10
-1.40036942801778e-10, -1.16246836246553e-07, -4.80712865579578e-07, -7.26269010486699e-07, -7.50280811705609e-07, -6.86649930275505e-07, -5.63273903666952e-07, -3.15327173332324e-07, 7.29840339766875e-08, 5.82371701704241e-07, 1.24024103258123e-06, 1.84047585971888e-06, 2.33903980560556e-06, 2.84094994724455e-06, 3.42599286284793e-06, 4.12407380260418e-06, 4.14598301345516e-06, 2.28489524596897e-06, 2.62400027258304e-07, 3.92022010836494e-11
9.2948009811415e-11, 6.99363597318561e-08, 2.4369109856839e-07, 3.01119140476247e-07, 3.01944058398994e-07, 2.02026424354071e-07, 5.14307102833123e-08, -1.30399824084144e-07, -2.77659473297174e-07, -2.95653356317362e-07, -2.70457188099948e-07, -2.90179749568292e-07, -3.68938282946275e-07, -5.02981400610719e-07, -6.18998053383769e-07, -7.42007782263641e-07, -9.15025273003481e-07, -6.97359041703799e-07, -1.2656155309916e-07, -1.02974249411757e-10
6.0481826515259e-11, 2.58756966160219e-06, 6.38797877696443e-06, 7.01348445447053e-06, 5.21701745131557e-06, 2.0182551385521e-06, -1.774140033655e-06, -5.43216444945771e-06, -8.2061478889896e-06, -9.77800760723392e-06, -9.69428739560767e-06, -7.50817106340929e-06, -3.80432459927519e-06, 1.0227866060686e-07, 3.36066723408281e-06, 6.0798586871351e-06, 7.41080996164032e-06, 4.82007151755227e-06, 1.30311202168951e-06, 3.01040050332039e-11
-8.17223990313524e-11, -2.86377929271698e-06, -6.58021165661253e-06, -6.68793393478914e-06, -3.21230652886646e-06, 3.88511375050975e-07, 2.10156146198154e-06, 3.22327584980635e-06, 4.82798277532631e-06, 6.69677958251987e-06, 8.02565830577816e-06, 8.23895500768318e-06, 7.03385852089419e-06, 4.1147305374821e-06, 3.24210500892266e-07, -3.23791135668671e-06, -6.88397952209394e-06, -9.41258711618734e-06, -6.43829972526836e-06, -2.6034584180584e-10
-1.15211966896154e-10, -2.55124372126335e-06, -2.83648904464218e-06, -1.25058430449384e-06, -3.0288315816103e-07, -2.98704885312716e-07, -6.5728310717117e-07, -1.03689137245055e-06, -1.50683358353942e-06, -1.90875429531177e-06, -1.53049253422537e-06, -3.38739060056172e-08, 1.92855071940293e-06, 2.84064667318419e-06, 1.61456075831055e-06, -3.40702214211922e-07, 1.20241141400107e-06, 4.75694352991307e-06, 1.8105643891608e-06, -1.11018071199477e-11
-2.82661409047235e-06, 0.267091552289413, 0.242132641680537, 0.15953985609914, 0.098805921898634, 0.0601348854771327, 0.0360318335154137, 0.0208080247875166, 0.0107310443042655, 0.00330934311263564, -0.00329778079801717, -0.0107250348912743, -0.0208056338968774, -0.0360289912250532, -0.0601276288995831, -0.0988003022423653, -0.159550443195106, -0.242151708507853, -0.267097652030864, 2.82658785830175e-06
1.47028655236438e-11, 2.90298818943715e-07, 1.73563309736166e-07, -7.77464221404714e-08, -1.2289316095662e-07, -1.30244863121728e-07, -1.80271007358054e-07, -2.78449804578618e-07, -2.35356862247218e-07, -3.29602473635952e-08, 6.79674676439941e-08, -7.26798004630098e-08, -3.16926068197514e-07, -4.33373957468758e-07, -3.01741729649476e-07, -1.87111266889896e-07, 2.27867805977097e-07, 1.01666480075389e-06, 6.23969239058313e-07, 1.53075243660855e-11
-1.84280909432573e-11, -4.80622294825961e-07, -6.33641470330269e-07, -2.31492480470625e-07, 5.71160908719445e-08, 1.55003079839602e-07, 3.13144355696267e-07, 5.61233601917098e-07, 7.81605000254276e-07, 1.04545133780727e-06, 1.13964020418059e-06, 9.51232814900811e-07, 8.55022400102734e-07, 9.26202175383251e-07, 1.18963033857761e-06, 9.28259110491787e-07, -1.72020474591025e-06, -4.1939386170442e-06, -1.68706116253511e-06, -1.41821376696242e-11
1.19529771995513e-11, 2.69884656727048e-07, 2.41855032106003e-07, 4.18151852213791e-08, -8.09296125396976e-08, -2.29707945812001e-07, -2.9845029723897e-07, -3.11626839734639e-07, -1.46949963633446e-07, 3.11677505076807e-08, 1.56409778482707e-08, -8.48657662408583e-08, -1.97093227796175e-07, -2.28157313403255e-07, -1.86485941932708e-07, -3.13177601900989e-07, -3.51850657370702e-08, 9.11466482935904e-07, 6.2907770991978e-07, 1.51894011159207e-11
1.34500695852729e-11, 9.00079017257027e-09, 1.48359225141663e-08, -6.63895490837775e-08, -1.99082713692333e-07, -3.42460021118004e-07, -4.70006559157515e-07, -6.8759499273832e-07, -9.72613156755953e-07, -1.05294121038559e-06, -8.47603878195995e-07, -4.41844532923158e-07, -3.18573259563719e-08, 1.86936183672805e-07, 1.82734816029179e-07, 6.79585650955867e-08, 1.0555250157316e-07, 2.01073887210036e-07, 8.19100766688865e-08, 1.25683647365057e-10
1.3854896522576e-10, 6.08596215278921e-08, -6.09676922487503e-08, -4.93148741704967e-07, -8.54219452658063e-07, -6.82090870157892e-07, -2.62896307643569e-07, 3.12254036704662e-08, 1.74341484773825e-07, 1.32947448126665e-07, -2.00928287651483e-07, -7.34439365443487e-07, -1.22225327147565e-06, -1.34665466992542e-06, -1.21939059255682e-06, -8.88743706120894e-07, -6.74939306067211e-07, -4.49182751740394e-07, -1.30178542246962e-07, -1.7859667575384e-10
1.66523622100338e-11, -1.14499622108065e-10, -8.06009540666018e-08, -2.29577011064317e-07, -4.04067561867552e-07, -6.39638805088825e-07, -9.23118974541375e-07, -1.24253759433394e-06, -1.58786664351631e-06, -1.70118687742113e-06, -1.40900404648675e-06, -8.61064629709457e-07, -3.64264176051289e-07, -7.590067671882e-08, 6.66391597227209e-08, 2.8707766746102e-07, 4.21095260344536e-07, 3.42036761553278e-07, 1.03063344965641e-07, 1.42427957039552e-10
1.16493059708468e-10, 8.0558190336351e-08, 2.38264521125471e-07, 2.39115563962863e-07, 1.79553759978335e-07, 1.03768778307268e-07, 2.48328847792201e-08, -1.09227584199098e-07, -2.71992764329114e-07, -3.54004457903238e-07, -3.24325399082843e-07, -3.11865895651607e-07, -4.22246383484922e-07, -6.54344432523804e-07, -8.80527147339265e-07, -1.00388790769121e-06, -1.05123719567295e-06, -7.060064414461e-07, -1.26155504146751e-07, -1.0445022644437e-10
0.00497519933570256, 0.100114061801884, 0.254437048280616, 0.367742620632956, 0.439569858945776, 0.483622305493947, 0.510257387829455, 0.525997117798422, 0.534729098808174, 0.538614373568191, 0.53861504638799, 0.534730153177185, 0.525997704346563, 0.510257289762988, 0.483621621367015, 0.439569275972161, 0.36774252956865, 0.25443715890906, 0.100114065798374, 0.00497519930822389
-3.56479910808346e-11, -2.45528355369799e-08, -8.42416216802487e-08, -1.72796763894154e-07, -2.29812647966148e-07, -1.86557094397229e-07, -1.24732219417869e-07, -2.11447275880531e-07, -4.27054802108658e-07, -7.82310612986586e-07, -1.17469085609489e-06, -1.20737656002918e-06, -7.726001840689e-07, -1.85337293394517e-07, 3.56242193331714e-07, 6.19881866373226e-07, 4.25441713193725e-07, -9.02350963510507e-08, -8.73825258237525e-08, -1.51452632429258e-10
-2.96701390493706e-11, -2.20825758464212e-08, -7.55490458202044e-08, -9.3548256512974e-08, -1.24555222471468e-07, -2.51698929099112e-07, -3.96433970786689e-07, -4.63884115634586e-07, -4.95094745491758e-07, -3.96713608306257e-07, 6.09914408717381e-08, 3.08508517785168e-07, 1.56330478483549e-07, -1.50311955761527e-07, -2.89820246084221e-07, 1.59708797275626e-08, 4.08077672569558e-07, 2.96439483818358e-07, 1.77701600163535e-08, -3.50353777894189e-11
1.69209316832878e-12, 3.10459343450047e-08, -5.18923743086683e-08, -2.00732245695446e-07, -2.52660512368213e-07, -2.2824666706298e-07, -2.84585540614796e-07, -4.80415475177197e-07, -3.6832851609757e-07, 1.12537861624701e-07, 5.69690170091915e-07, 7.6437708719555e-07, 5.78336908144854e-07, 1.79266352375597e-07, -1.5770420279968e-07, -9.3112493752601e-08, 1.86717526197833e-07, -3.82002600959881e-08, -2.78995234468792e-07, -1.56722807747701e-11
1.61255947869711e-11, 1.08406272006817e-07, -5.22371229098963e-07, -8.22259871849416e-07, -2.02969970447753e-07, 6.1500500938679e-07, 6.70631377942302e-07, 3.8115441310945e-07, 1.10396683280506e-07, -3.23465131393127e-07, -7.99906507633807e-07, -9.70745802122623e-07, -5.56420947603512e-07, 2.31069480055949e-08, 4.553494967122e-07, 5.03979921285012e-07, 3.45784472771143e-07, 5.27819402345034e-07, 4.91100433522016e-07, 2.27893508612431e-11
1.64896070638108e-12, -3.73182618437418e-08, -2.18324903605288e-07, -2.85656210524214e-07, -3.55497561218926e-07, -4.61414566868085e-07, -5.26608145792583e-07, -6.13971573145662e-07, -4.62532764621061e-07, 1.52913889566504e-07, 7.96898663688073e-07, 9.74256917376159e-07, 7.00404602049917e-07, 3.32372582459131e-07, 3.11829474678934e-07, 3.53378790417006e-07, 5.45885289574331e-08, -3.45404479337191e-07, -3.8615495912073e-07, -1.81505211222559e-11
1.4702840876798e-11, 2.90297096468632e-07, 1.73556093233844e-07, -7.77556941787553e-08, -1.22892617039514e-07, -1.30232169642961e-07, -1.8025538225714e-07, -2.78432821287651e-07, -2.35338176128637e-07, -3.29381012941207e-08, 6.79953344304726e-08, -7.26525816503598e-08, -3.16913230376768e-07, -4.33380401550257e-07, -3.01764462751144e-07, -1.8712311547978e-07, 2.27894721637944e-07, 1.01669223962633e-06, 6.23974065967846e-07, 1.53075934341936e-11
-2.82660788679386e-06, 0.267092660344113, 0.242136277273535, 0.159543562950568, 0.0988074068538881, 0.060134046584406, 0.0360301814706112, 0.0208053467275637, 0.0107265933475611, 0.00330376867794298, -0.00330199894867712, -0.0107268117926609, -0.0208064568259597, -0.0360314092281302, -0.0601345140470777, -0.0988067344579124, -0.159542860994328, -0.242136311737687, -0.267092745041233, 2.82661042109218e-06
-4.48748692607121e-12, -8.87158125901302e-08, -1.33986120571824e-07, -1.49255521319388e-07, -1.55394057496562e-08, 1.26891006200168e-07, -3.85261556208229e-09, -2.69246973349348e-07, -5.02656034771792e-07, -7.1862073981116e-07, -4.44036556286164e-07, 3.86553879415442e-07, 9.61061393260215e-07, 1.03591343034361e-06, 7.54496146747946e-07, 8.2472976635096e-08, -8.04718151663681e-07, -4.62306755060214e-07, 2.57663283608005e-07, 1.84706691171372e-11
-3.80601674650487e-12, -8.45170083453288e-08, -7.3171436917893e-08, -2.17797537857373e-08, -1.35367025365698e-07, -2.65181764836858e-07, -1.91182955971801e-07, -8.37013646896907e-08, 1.67425612105934e-09, 5.29540492989879e-07, 7.29227043139106e-07, 6.70744762151803e-08, -4.72155553970162e-07, -4.70809377673858e-07, 1.52394064795322e-07, 7.57922627449046e-07, 2.6569015188778e-07, -5.13645453258323e-07, -1.95245648341688e-07, 2.75726857612804e-12
4.21184510688076e-11, 6.95070688956486e-08, 5.24676817348214e-07, 1.3467295682775e-06, 2.19959204212348e-06, 2.73192167300637e-06, 2.71239128462822e-06, 2.0694834099456e-06, 8.80613693863472e-07, -5.70985920494843e-07, -2.19612473242391e-06, -3.75414368377309e-06, -4.77770421259688e-06, -4.94081777358486e-06, -4.45328922996852e-06, -3.50087698271321e-06, -2.14713885984313e-06, -7.69173378733261e-07, -8.89798217879609e-08, -3.95867303589892e-11
3.6965601899069e-11, 1.81627404694713e-08, -3.05348513337089e-08, -4.41119619175623e-07, -1.36113977024722e-06, -2.43134573431211e-06, -2.97786332678173e-06, -3.0639251631255e-06, -2.81866043231408e-06, -2.21538491523301e-06, -1.26933220203911e-06, -1.66953976268644e-07, 8.35674064244578e-07, 1.60726163416362e-06, 2.08819013112622e-06, 2.33363015162248e-06, 2.3175661873687e-06, 1.6821749082263e-06, 5.46641573062111e-07, 7.9774349267037e-10
-4.40947754739633e-10, -2.80232309197259e-07, -6.7822620722845e-07, -5.01138413488629e-07, -5.65126834109262e-08, 2.76239857194077e-07, 2.67243609164388e-07, 6.49656204841131e-08, -2.71181263325937e-07, -9.47817476048671e-07, -1.9272260004936e-06, -2.7605689463197e-06, -2.92444127967318e-06, -2.4200758815464e-06, -1.88778030871745e-06, -2.26244149686924e-06, -2.88391177888895e-06, -1.79195029827697e-06, -1.85807048284077e-07, 2.65183488701542e-11
-1.40036942801778e-10, -1.16246836246553e-07, -4.80712865579578e-07, -7.26269010486699e-07, -7.50280811705609e-07, -6.86649930275505e-07, -5.63273903666952e-07, -3.15327173332324e-07, 7.29840339766875e-08, 5.82371701704241e-07, 1.24024103258123e-06, 1.84047585971888e-06, 2.33903980560556e-06, 2.84094994724455e-06, 3.42599286284793e-06, 4.12407380260418e-06, 4.14598301345516e-06, 2.28489524596897e-06, 2.62400027258304e-07, 3.92022010836494e-11
-3.56479910808346e-11, -2.45528355369799e-08, -8.42416216802487e-08, -1.72796763894154e-07, -2.29812647966148e-07, -1.86557094397229e-07, -1.24732219417869e-07, -2.11447275880531e-07, -4.27054802108658e-07, -7.82310612986586e-07, -1.17469085609489e-06, -1.20737656002918e-06, -7.726001840689e-07, -1.85337293394517e-07, 3.56242193331714e-07, 6.19881866373226e-07, 4.25441713193725e-07, -9.02350963510507e-08, -8.73825258237525e-08, -1.51452632429258e-10
0.00497519930078312, 0.100114039218045, 0.254437011942656, 0.367742802862444, 0.439570676669062, 0.483624189944973, 0.510260660554689, 0.526001920834863, 0.534735332127731, 0.538621505776942, 0.538622236183377, 0.534737190772589, 0.52600475376213, 0.510263958528023, 0.483627540721951, 0.439574024307215, 0.367745891689651, 0.254438810712401, 0.100114342980541, 0.00497519954277592
1.70408290168035e-11, 1.02186076437486e-08, 2.01605887772931e-08, 3.25306898523278e-09, -3.48822783048306e-08, -7.27807906021305e-08, -1.82773132136877e-07, -3.59004444685585e-07, -6.58918764774883e-07, -1.07556944521152e-06, -1.3313439984783e-06, -1.22873826947876e-06, -1.08971915900863e-06, -1.01729032672651e-06, -9.93897254242141e-07, -9.27775527566654e-07, -7.82621246349912e-07, -5.71445435866705e-07, -1.4717261594902e-07, -1.82472401909516e-10
6.86205950979297e-12, 3.80427060040376e-07, 1.17965181623086e-06, 1.56749459386654e-06, 1.29475669897907e-06, 4.91500339115749e-07, -5.7522441767655e-07, -1.65193596596817e-06, -2.35906908107664e-06, -2.72589907835282e-06, -2.87602201926589e-06, -2.3669651362426e-06, -1.04580633237555e-06, 3.49060379415525e-07, 1.29318744779656e-06, 2.07595207740412e-06, 2.57603219583272e-06, 1.8919060718205e-06, 5.19762963251584e-07, 7.34297467574677e-12
4.39872143896559e-12, 4.04741572591093e-08, -3.25275269587464e-07, -1.17848155605323e-06, -1.89096805669987e-06, -1.50496954694927e-06, -5.17000384065307e-07, 1.4720386786992e-07, 7.3573679078618e-07, 1.38068898844034e-06, 1.85207126737291e-06, 1.8914596522396e-06, 1.57652407832617e-06, 1.09562779913555e-06, 6.18697065906518e-07, 2.48860832244112e-07, -5.45113085227008e-07, -1.75706944741848e-06, -1.95841378651893e-06, -1.00425548484104e-10
-5.46789082081812e-11, -9.3236082646057e-07, -2.74102179813656e-07, 6.47472784432881e-07, 7.58130204466898e-07, 2.94011622059122e-07, -2.21946324332485e-07, -4.48892687257557e-07, -8.56000120302746e-07, -1.50973763693201e-06, -1.71500704735572e-06, -9.43058657374345e-07, 3.73738143527243e-07, 1.12787461629838e-06, 2.0711642098033e-07, -1.28257436574957e-06, 3.33268069722553e-07, 3.09811507398562e-06, 1.3099176844308e-06, 4.70785317818165e-12
-1.84280765275682e-11, -4.80621287367828e-07, -6.33639501074818e-07, -2.31499753359267e-07, 5.70899512153729e-08, 1.54973941294991e-07, 3.13131413270213e-07, 5.61234383933182e-07, 7.81608389147938e-07, 1.04545095076559e-06, 1.13963236991537e-06, 9.5121838582382e-07, 8.55015597435552e-07, 9.26213271944418e-07, 1.189660370984e-06, 9.28278695926852e-07, -1.7202372407817e-06, -4.19397734713267e-06, -1.6870685850325e-06, -1.41822438779233e-11
-4.48748496953424e-12, -8.87156758551439e-08, -1.33985613056836e-07, -1.49255459385609e-07, -1.55416267760507e-08, 1.26886483368789e-07, -3.85866649608304e-09, -2.69255411190792e-07, -5.02668097902876e-07, -7.18638661022668e-07, -4.44054407496434e-07, 3.86547849342004e-07, 9.61067134732296e-07, 1.03592493191679e-06, 7.54508632342841e-07, 8.24780611375877e-08, -8.04725883644123e-07, -4.62315144189959e-07, 2.57661702476035e-07, 1.84706464927658e-11
-2.82661224583209e-06, 0.267092584809232, 0.242136391939775, 0.159544282502439, 0.0988089119704356, 0.060136235584574, 0.0360327888050901, 0.0208080213978508, 0.0107287447867397, 0.00330456788509558, -0.00330223576088001, -0.0107268936251065, -0.0208067110703487, -0.0360324107049123, -0.0601362352590607, -0.0988089924282173, -0.159545657599838, -0.242139323121131, -0.267094110489523, 2.82657636582106e-06
2.08933722411564e-12, 3.18884578458935e-08, -2.40006950894136e-09, -5.3659324034959e-08, -6.04204181469108e-08, -1.205838275542e-07, -2.47223243634931e-07, -4.04627511774055e-07, -6.61505993960994e-07, -6.60022362690575e-07, -1.13284148532193e-07, 2.72152662291504e-07, 1.90691323112748e-07, 7.02272500590097e-08, 6.18454112782115e-08, 1.97082078869905e-07, 2.76138428191106e-07, 6.52183837265545e-07, 5.96560617859353e-07, 2.38529093724191e-11
7.91170883743038e-12, 5.06996978356282e-09, 3.19218406412334e-10, -1.01376426356263e-07, -2.67718206722568e-07, -4.1650622618846e-07, -4.93365665256644e-07, -6.43272403625442e-07, -8.10138877033529e-07, -7.7486303137882e-07, -5.47424134820596e-07, -1.94207973307344e-07, 1.06528268735249e-07, 1.8799306897898e-07, 9.93421001940006e-08, 3.64912607714696e-09, 9.22912689560297e-08, 1.81336175524106e-07, 6.08103185476325e-08, 8.39796148217579e-11
1.92366597358219e-10, 1.11913032367444e-07, 1.94197536563185e-07, -2.78617848034222e-08, -3.73919964194303e-07, -1.81120418950877e-07, 2.19002456824085e-07, 4.52614295414053e-07, 5.75003300310706e-07, 5.76103026268283e-07, 3.31685359723126e-07, -8.62434323463977e-08, -4.88992508945391e-07, -6.86536917778072e-07, -6.51595568370481e-07, -4.1878023217307e-07, -3.07756932583262e-07, -2.57348189967083e-07, -9.09155937656581e-08, -1.35965993580098e-10
3.32138835848373e-11, 1.82918899395406e-08, 2.34433511926638e-08, -2.75905168549945e-08, -1.30500398652634e-07, -3.24549527949385e-07, -5.69273075503155e-07, -8.23134410377471e-07, -1.0946515594064e-06, -1.17783632863776e-06, -8.85002321806121e-07, -3.71542050525094e-07, 8.42207753479471e-08, 3.33174879786507e-07, 4.07307085924142e-07, 5.46805683290679e-07, 6.26650800218897e-07, 4.81222569396563e-07, 1.30054624684661e-07, 1.67384265335695e-10
9.2948009811415e-11, 6.99363597318561e-08, 2.4369109856839e-07, 3.01119140476247e-07, 3.01944058398994e-07, 2.02026424354071e-07, 5.14307102833123e-08, -1.30399824084144e-07, -2.77659473297174e-07, -2.95653356317362e-07, -2.70457188099948e-07, -2.90179749568292e-07, -3.68938282946275e-07, -5.02981400610719e-07, -6.18998053383769e-07, -7.42007782263641e-07, -9.15025273003481e-07, -6.97359041703799e-07, -1.2656155309916e-07, -1.02974249411757e-10
-2.96701390493706e-11, -2.20825758464212e-08, -7.55490458202044e-08, -9.3548256512974e-08, -1.24555222471468e-07, -2.51698929099112e-07, -3.96433970786689e-07, -4.63884115634586e-07, -4.95094745491758e-07, -3.96713608306257e-07, 6.09914408717381e-08, 3.08508517785168e-07, 1.56330478483549e-07, -1.50311955761527e-07, -2.89820246084221e-07, 1.59708797275626e-08, 4.08077672569558e-07, 2.96439483818358e-07, 1.77701600163535e-08, -3.50353777894189e-11
1.70408290168035e-11, 1.02186076437486e-08, 2.01605887772931e-08, 3.25306898523278e-09, -3.48822783048306e-08, -7.27807906021305e-08, -1.82773132136877e-07, -3.59004444685585e-07, -6.58918764774883e-07, -1.07556944521152e-06, -1.3313439984783e-06, -1.22873826947876e-06, -1.08971915900863e-06, -1.01729032672651e-06, -9.93897254242141e-07, -9.27775527566654e-07, -7.82621246349912e-07, -5.71445435866705e-07, -1.4717261594902e-07, -1.82472401909516e-10
0.00497519930991289, 0.100114043848775, 0.254436992970348, 0.367742568463656, 0.439569924810969, 0.483622558709326, 0.510257752008321, 0.525997510167009, 0.534729466613924, 0.538614660530708, 0.538615372280119, 0.534730771421145, 0.525998546382362, 0.510258247597869, 0.483622673323007, 0.439570239620475, 0.367743206629057, 0.254437514747283, 0.100114134233874, 0.00497519937633724
9.90567348050194e-13, 1.64624888292976e-08, -7.71269361778214e-08, -2.52111687249437e-07, -2.9818492115007e-07, -1.85760156143175e-07, -1.80121564804638e-07, -3.18422957793866e-07, -1.42719080053981e-07, 2.4185893350224e-07, 5.36501765062072e-07, 6.18702852527313e-07, 3.49047099652801e-07, -3.33499967045527e-08, -2.11781870615474e-07, -6.36739736440251e-09, 2.26136244868719e-07, -6.50705740346557e-08, -2.27039145632579e-07, -1.07169439540933e-11
2.34512417777977e-11, 3.36679321832323e-07, -9.52374741898708e-08, -6.16474209892959e-07, -2.00421262780122e-07, 6.32592458445299e-07, 5.89169790452085e-07, 2.96037939547977e-07, 1.30101402905126e-07, -2.03258631040788e-07, -6.14007937679364e-07, -7.67344897946848e-07, -5.49723379483843e-07, -1.44936186448284e-07, 2.87158934286894e-07, 3.38555750938097e-07, 9.43904872392752e-08, 2.04803909398668e-07, 3.18201604066473e-07, 1.70331960684246e-11
4.0089188647144e-12, 5.1149226393163e-08, -3.74668349489589e-08, -1.3061149258386e-07, -2.58000966389265e-07, -3.98322655360518e-07, -4.37143876576558e-07, -4.81223253944094e-07, -3.66945177814375e-07, 1.78277385355902e-07, 7.65032798969466e-07, 9.01993573714115e-07, 6.33651040144565e-07, 2.40307379518542e-07, 1.71155864327805e-07, 2.33348114353751e-07, -3.53882613025872e-08, -5.33328087589077e-07, -5.13957878443397e-07, -2.16842703230038e-11
1.19529536372778e-11, 2.6988301004864e-07, 2.41847735193918e-07, 4.18035343240375e-08, -8.0931575017199e-08, -2.29697144748373e-07, -2.98438030774353e-07, -3.11612880336505e-07, -1.46933569089542e-07, 3.1188705750398e-08, 1.56685835107461e-08, -8.48372321757612e-08, -1.97075439232154e-07, -2.28157492398987e-07, -1.86502834622237e-07, -3.13185222068864e-07, -3.51564791419886e-08, 9.11495338339125e-07, 6.29083002777478e-07, 1.51894768512675e-11
-3.80601832900715e-12, -8.45171189404442e-08, -7.31719300459325e-08, -2.17806065674762e-08, -1.35367379999502e-07, -2.65181377401371e-07, -1.91182576234277e-07, -8.37010894225386e-08, 1.67454569575339e-09, 5.29541403384404e-07, 7.29228308447481e-07, 6.70740931328904e-08, -4.72157848365129e-07, -4.70811848245284e-07, 1.52393372294244e-07, 7.57923818505188e-07, 2.65691821524075e-07, -5.13644576352315e-07, -1.95245551787097e-07, 2.75726995772489e-12
2.08933637725494e-12, 3.18883986619938e-08, -2.40034483568081e-09, -5.36595231375146e-08, -6.04188211312086e-08, -1.20579773392193e-07, -2.47218106844106e-07, -4.04620479402734e-07, -6.61494993693687e-07, -6.60007326993819e-07, -1.13270687296151e-07, 2.72160657249119e-07, 1.90695790949963e-07, 7.02291206482834e-08, 6.18445986563104e-08, 1.97082309907384e-07, 2.76146068099217e-07, 6.52191772404682e-07, 5.96562286181008e-07, 2.38529332443852e-11
-2.82661114551862e-06, 0.267092595210416, 0.242136227376197, 0.159543659291771, 0.0988077012111795, 0.0601343297323346, 0.0360302968336312, 0.020805350462948, 0.0107264835508253, 0.00330368292471346, -0.00330168031241631, -0.010726306203412, -0.0208061781082848, -0.0360312157605559, -0.0601344821756461, -0.0988070942234746, -0.15954342083823, -0.242136901068752, -0.267093059629754, 2.82660099778312e-06
-2.82655810640554e-06, 0.267092401259291, 0.242131621534224, 0.159534024953176, 0.0987942250622892, 0.0601209398305582, 0.0360233179813827, 0.0208092237779569, 0.01073839232425, 0.00331393090555589, -0.00330256170585079, -0.0107350807700917, -0.0208107443777412, -0.0360258006918577, -0.0601215823129633, -0.0987938028934421, -0.159537301563726, -0.242137642903891, -0.267093518149696, 2.82662675773882e-06
-2.39492807097113e-10, -5.49904944320966e-06, -7.19771351600587e-06, -4.84719747227175e-06, -3.09254658892099e-06, -5.08958041136706e-06, -9.9694405222684e-06, -1.40576669450557e-05, -1.48242297972261e-05, -1.18985460843808e-05, -5.53935674852826e-06, 2.45951471306369e-06, 9.36677518766348e-06, 1.37722933930539e-05, 1.56474789264531e-05, 1.51963471256027e-05, 1.29062066834249e-05, 8.99433552601118e-06, 3.55021803253487e-06, 1.0081356784409e-10
-2.04253180050288e-11, -3.54403193497649e-07, 3.92512687628868e-07, 1.92966952818541e-06, 2.91754772660392e-06, 4.00795195053561e-06, 5.7217341219969e-06, 6.86182176880917e-06, 5.37744721914292e-06, 1.5703856067648e-06, -3.02971196794266e-06, -5.92793463937209e-06, -5.87482803661936e-06, -4.62910734931734e-06, -3.28277589012883e-06, -2.99117617169829e-06, -3.03459254891518e-06, -7.66246377787388e-07, 1.16036806249914e-06, 7.49726182550351e-11
6.0481826515259e-11, 2.58756966160219e-06, 6.38797877696443e-06, 7.01348445447053e-06, 5.21701745131557e-06, 2.0182551385521e-06, -1.774140033655e-06, -5.43216444945771e-06, -8.2061478889896e-06, -9.77800760723392e-06, -9.69428739560767e-06, -7.50817106340929e-06, -3.80432459927519e-06, 1.0227866060686e-07, 3.36066723408281e-06, 6.0798586871351e-06, 7.41080996164032e-06, 4.82007151755227e-06, 1.30311202168951e-06, 3.01040050332039e-11
1.69209316832878e-12, 3.10459343450047e-08, -5.18923743086683e-08, -2.00732245695446e-07, -2.52660512368213e-07, -2.2824666706298e-07, -2.84585540614796e-07, -4.80415475177197e-07, -3.6832851609757e-07, 1.12537861624701e-07, 5.69690170091915e-07, 7.6437708719555e-07, 5.78336908144854e-07, 1.79266352375597e-07, -1.5770420279968e-07, -9.3112493752601e-08, 1.86717526197833e-07, -3.82002600959881e-08, -2.78995234468792e-07, -1.56722807747701e-11
6.86205950979297e-12, 3.80427060040376e-07, 1.17965181623086e-06, 1.56749459386654e-06, 1.29475669897907e-06, 4.91500339115749e-07, -5.7522441767655e-07, -1.65193596596817e-06, -2.35906908107664e-06, -2.72589907835282e-06, -2.87602201926589e-06, -2.3669651362426e-06, -1.04580633237555e-06, 3.49060379415525e-07, 1.29318744779656e-06, 2.07595207740412e-06, 2.57603219583272e-06, 1.8919060718205e-06, 5.19762963251584e-07, 7.34297467574677e-12
9.90567348050194e-13, 1.64624888292976e-08, -7.71269361778214e-08, -2.52111687249437e-07, -2.9818492115007e-07, -1.85760156143175e-07, -1.80121564804638e-07, -3.18422957793866e-07, -1.42719080053981e-07, 2.4185893350224e-07, 5.36501765062072e-07, 6.18702852527313e-07, 3.49047099652801e-07, -3.33499967045527e-08, -2.11781870615474e-07, -6.36739736440251e-09, 2.26136244868719e-07, -6.50705740346557e-08, -2.27039145632579e-07, -1.07169439540933e-11
0.00499379355553263, 3.01709662068348, 3.04561459842731, 3.10608533678009, 3.15687460427245, 3.18984532708257, 3.21002646547096, 3.22198411294012, 3.22862009135229, 3.23157130345678, 3.23156922834819, 3.22862039519364, 3.2219872135264, 3.21003108619958, 3.18985061756752, 3.15687820163454, 3.10608873368037, 3.04562573422296, 3.01710579990819, 0.00499379354905093
-3.11118407880235e-11, -2.31984175445408e-05, -1.45799749624051e-05, -9.07263211678065e-06, -8.96804906580788e-06, -1.16596062859935e-05, -1.41910204915199e-05, -1.5946543989658e-05, -1.76774502158856e-05, -1.93511184154736e-05, -2.02666981276052e-05, -2.11382330738224e-05, -2.148375659486e-05, -2.1176708626796e-05, -2.0307513131988e-05, -1.98207730147684e-05, -1.96521425508184e-05, -2.03046580056327e-05, -1.72185769947337e-05, -1.41944580440786e-11
-2.55552036438168e-12, -1.24846522885641e-06, 1.46152389112858e-06, 2.50377112041853e-06, 2.89597214616978e-06, 4.10723413221292e-06, 5.5427705605352e-06, 6.29829183586349e-06, 6.09785550379108e-06, 6.28127873530302e-06, 5.97874259927481e-06, 6.60973133957263e-06, 6.14487393924873e-06, 5.09634657978363e-06, 3.89592399858256e-06, 2.56921066170633e-06, 2.93001339507736e-06, 2.68666269104878e-06, -3.85032275139367e-06, -9.2435495224241e-12
8.93316853357461e-12, 1.29873401334189e-05, 1.35697837335406e-05, 1.03286958204665e-05, 7.98851204345531e-06, 6.54752488378466e-06, 5.24088413564188e-06, 3.91496390158742e-06, 2.28344516149096e-06, 3.35114087939208e-07, -1.44052363217519e-06, -2.93603140239152e-06, -4.4196913086306e-06, -5.80803739714656e-06, -6.83018846221328e-06, -7.59872654559637e-06, -9.7819583700063e-06, -1.16502050947965e-05, -6.68983546255256e-06, -4.44613150379177e-12
2.13447014322068e-13, 1.11248560563293e-07, -1.83505590803457e-07, -2.41945759644691e-07, -2.41828040079813e-07, -2.38031161520095e-07, -4.07434286008982e-07, -4.97405206065362e-07, -3.28213887213737e-07, -2.76893826131705e-07, -2.58618260252367e-07, -2.60711132768996e-07, -2.54335872414019e-07, -1.43427679759544e-07, 1.90164198715962e-08, 2.73558176964814e-07, 7.39236070329532e-08, -6.84324365998809e-08, 1.02655612847753e-06, 1.96444866364701e-12
1.0904064102752e-12, 2.00053114883154e-06, 2.63454284117008e-06, 2.21127285996287e-06, 1.68095804151025e-06, 1.25875647500988e-06, 9.00343284058114e-07, 5.03441870614518e-07, 1.58183051605717e-07, -5.16780653795899e-07, -1.105976772179e-06, -1.4465606304349e-06, -1.73527590356148e-06, -2.30151132204051e-06, -2.62454877791054e-06, -2.79594075362355e-06, -3.44918393527635e-06, -4.33760743230558e-06, -2.82784674681531e-06, -1.26620394283595e-12
1.23768392775079e-13, 5.15131067467137e-08, -2.45800368951678e-07, -3.24413508562412e-07, -2.75237344711609e-07, -2.13764475868796e-07, -3.97603540891351e-07, -4.07011865366074e-07, -2.33093908168959e-07, -2.24475881438169e-07, -1.69963196800358e-07, -1.78199757036347e-07, -1.93852970803804e-07, -6.46223101739416e-08, 9.15467105707464e-08, 2.35215918412874e-07, -4.44470094012515e-08, -5.03883282355981e-08, 9.09098065967971e-07, 1.37673364597795e-12
-2.39493080203873e-10, -5.49906852961089e-06, -7.19786961743875e-06, -4.84764265760035e-06, -3.0933847939619e-06, -5.090810024116e-06, -9.97070792266287e-06, -1.40583724665043e-05, -1.48239579378527e-05, -1.1897343551679e-05, -5.53760016581587e-06, 2.46127847071077e-06, 9.36804062589218e-06, 1.37728291888061e-05, 1.56471894260316e-05, 1.51955339993085e-05, 1.29056171886811e-05, 8.99423428560378e-06, 3.55023871863047e-06, 1.00813863840831e-10
-2.8284116773382e-06, 0.267052178323457, 0.24208886107941, 0.159524157696538, 0.0988174933341911, 0.0601603002699673, 0.036059426143437, 0.020829774823795, 0.010740209784744, 0.00330091488539521, -0.00332318281994898, -0.0107550259107857, -0.0208229482546556, -0.0360262910764515, -0.0601072855225277, -0.0987704951081865, -0.159526920682205, -0.242147028469485, -0.267095693146939, 2.82685609858612e-06
8.13917074515519e-11, 3.28076714567869e-06, 7.7599419007127e-06, 7.41764362399091e-06, 3.39615263565391e-06, -1.70231885695662e-06, -5.42411660133179e-06, -5.40383330724812e-06, -2.17942559062863e-06, 1.58737931264188e-06, 4.14791492732028e-06, 4.3916263148194e-06, 1.53321559220221e-06, -2.79030707976061e-06, -5.97452469397993e-06, -6.29658050762266e-06, -4.16256493002728e-06, -1.16205374932368e-06, 1.79545509362885e-06, 1.44460021838252e-10
-8.17223990313524e-11, -2.86377929271698e-06, -6.58021165661253e-06, -6.68793393478914e-06, -3.21230652886646e-06, 3.88511375050975e-07, 2.10156146198154e-06, 3.22327584980635e-06, 4.82798277532631e-06, 6.69677958251987e-06, 8.02565830577816e-06, 8.23895500768318e-06, 7.03385852089419e-06, 4.1147305374821e-06, 3.24210500892266e-07, -3.23791135668671e-06, -6.88397952209394e-06, -9.41258711618734e-06, -6.43829972526836e-06, -2.6034584180584e-10
1.61255947869711e-11, 1.08406272006817e-07, -5.22371229098963e-07, -8.22259871849416e-07, -2.02969970447753e-07, 6.1500500938679e-07, 6.70631377942302e-07, 3.8115441310945e-07, 1.10396683280506e-07, -3.23465131393127e-07, -7.99906507633807e-07, -9.70745802122623e-07, -5.56420947603512e-07, 2.31069480055949e-08, 4.553494967122e-07, 5.03979921285012e-07, 3.45784472771143e-07, 5.27819402345034e-07, 4.91100433522016e-07, 2.27893508612431e-11
4.39872143896559e-12, 4.04741572591093e-08, -3.25275269587464e-07, -1.17848155605323e-06, -1.89096805669987e-06, -1.50496954694927e-06, -5.17000384065307e-07, 1.4720386786992e-07, 7.3573679078618e-07, 1.38068898844034e-06, 1.85207126737291e-06, 1.8914596522396e-06, 1.57652407832617e-06, 1.09562779913555e-06, 6.18697065906518e-07, 2.48860832244112e-07, -5.45113085227008e-07, -1.75706944741848e-06, -1.95841378651893e-06, -1.00425548484104e-10
2.34512417777977e-11, 3.36679321832323e-07, -9.52374741898708e-08, -6.16474209892959e-07, -2.00421262780122e-07, 6.32592458445299e-07, 5.89169790452085e-07, 2.96037939547977e-07, 1.30101402905126e-07, -2.03258631040788e-07, -6.14007937679364e-07, -7.67344897946848e-07, -5.49723379483843e-07, -1.44936186448284e-07, 2.87158934286894e-07, 3.38555750938097e-07, 9.43904872392752e-08, 2.04803909398668e-07, 3.18201604066473e-07, 1.70331960684246e-11
-3.11118407880235e-11, -2.31984175445408e-05, -1.45799749624051e-05, -9.07263211678065e-06, -8.96804906580788e-06, -1.16596062859935e-05, -1.41910204915199e-05, -1.5946543989658e-05, -1.76774502158856e-05, -1.93511184154736e-05, -2.02666981276052e-05, -2.11382330738224e-05, -2.148375659486e-05, -2.1176708626796e-05, -2.0307513131988e-05, -1.98207730147684e-05, -1.96521425508184e-05, -2.03046580056327e-05, -1.72185769947337e-05, -1.41944580440786e-11
0.00499379331680352, 3.01693131820552, 3.045533898382, 3.10605709719055, 3.15686336572611, 3.18983792580402, 3.21002054052973, 3.22198115197911, 3.2286196314349, 3.23157242712262, 3.23156942294017, 3.22861937648123, 3.22198376780171, 3.21002628169331, 3.18984542967631, 3.15686646651175, 3.10607150664958, 3.045635411138, 3.01712680124574, 0.00499379352604272
1.18412421172123e-11, 1.62739379311813e-05, 1.62995227027143e-05, 1.05168943506497e-05, 6.78960333540683e-06, 4.67269979505845e-06, 4.19241574191396e-06, 4.62636228747203e-06, 4.59470895496347e-06, 4.20860096941837e-06, 4.14902399181592e-06, 3.86903438481261e-06, 3.47754418947421e-06, 3.9462907758773e-06, 4.74129361748558e-06, 5.64552809038359e-06, 5.03381326375705e-06, 2.90963440242323e-06, -4.97072183402803e-06, -1.73980397628865e-11
-1.14993668898711e-11, -1.38178977779333e-05, -1.41394177750712e-05, -9.43570660295221e-06, -6.07537261518254e-06, -5.52145863073194e-06, -5.22446014896978e-06, -3.95891861780269e-06, -2.37293143876937e-06, -6.46050673117293e-07, 9.58642008694166e-07, 2.71267564382884e-06, 4.19637008212442e-06, 5.52037224303487e-06, 7.28170097164021e-06, 9.27911483916126e-06, 1.19511443130759e-05, 1.91210259220446e-05, 2.79417907460439e-05, 3.42355430641081e-11
1.85987059283165e-12, 4.13491049959128e-09, -1.18985257399099e-06, -8.67556726092779e-07, -5.25247065936341e-08, -6.3776203601044e-08, -2.33624920077033e-07, -1.13268932769469e-07, -8.45892442835665e-08, -2.35279191381794e-07, -3.07155992120571e-07, -3.34747537889343e-07, -2.64557139561757e-07, -5.52012810089033e-07, -6.3389328909428e-07, -9.85349002389312e-07, -8.08081035244281e-07, -1.03117531133902e-06, -2.01317703863301e-06, -2.93192109555711e-12
5.19074911750241e-13, 4.68715842828451e-08, -9.59625701252888e-07, -1.76355843926663e-06, -1.80820682495745e-06, -1.24264130281887e-06, -1.34612201431047e-06, -1.38971049585399e-06, -1.16137157939691e-06, -8.36420628516828e-07, -5.44507174630569e-07, -2.54356483877658e-07, 1.43364073763507e-07, 5.36234437627673e-07, 9.92816677558855e-07, 1.38617636795782e-06, 1.67352484507627e-06, 3.44278884122111e-06, 7.66672482927108e-06, 1.27335265974218e-11
2.86562809604322e-12, 1.06905797199577e-06, -3.33654562289683e-07, -5.91167081988601e-07, 3.31647658877897e-07, 2.1717738109886e-07, -1.68302474330771e-09, 1.63789497069435e-07, 2.01625815764046e-07, 5.37260838847375e-08, 7.00520059948872e-09, -1.01082470765587e-08, -2.65028011302101e-08, -1.52782114175009e-07, -2.43729631531785e-07, -5.82525012839887e-07, -4.22537886541118e-07, -3.65801632737832e-07, -1.21385839754081e-06, -2.14755263879182e-12
-2.04254238731259e-11, -3.54410592219586e-07, 3.92476563764756e-07, 1.92961266788877e-06, 2.91752190718555e-06, 4.00799825077914e-06, 5.7217520388277e-06, 6.86159022227208e-06, 5.37694802384347e-06, 1.56986226721795e-06, -3.03000067398005e-06, -5.92800118243439e-06, -5.87482780222884e-06, -4.62905684253289e-06, -3.28261901827451e-06, -2.99088743008259e-06, -3.03430426943735e-06, -7.66105545097961e-07, 1.16039162938897e-06, 7.49729554729759e-11
8.13904922655143e-11, 3.28068222091057e-06, 7.75952282678341e-06, 7.41692621235147e-06, 3.39547555998608e-06, -1.70261148521425e-06, -5.42399806774316e-06, -5.40359193925631e-06, -2.17920881096342e-06, 1.58763688421406e-06, 4.14829448823868e-06, 4.39207609102389e-06, 1.53364601543663e-06, -2.78993044583415e-06, -5.97428286159877e-06, -6.29646666323207e-06, -4.16246634633972e-06, -1.16195357589137e-06, 1.79548508155895e-06, 1.44460450934671e-10
-2.82653805049046e-06, 0.26709568103934, 0.242143389061535, 0.159550581713671, 0.0988136989409773, 0.0601420536618232, 0.036040654038242, 0.0208156500579606, 0.0107333810386142, 0.00330511243666856, -0.00330709011466021, -0.0107352620087994, -0.0208141465139899, -0.0360373382775209, -0.0601366442329096, -0.0988045027856008, -0.159549012977275, -0.242155655040396, -0.267100558820152, 2.8265827494239e-06
-1.15211966896154e-10, -2.55124372126335e-06, -2.83648904464218e-06, -1.25058430449384e-06, -3.0288315816103e-07, -2.98704885312716e-07, -6.5728310717117e-07, -1.03689137245055e-06, -1.50683358353942e-06, -1.90875429531177e-06, -1.53049253422537e-06, -3.38739060056172e-08, 1.92855071940293e-06, 2.84064667318419e-06, 1.61456075831055e-06, -3.40702214211922e-07, 1.20241141400107e-06, 4.75694352991307e-06, 1.8105643891608e-06, -1.11018071199477e-11
1.64896070638108e-12, -3.73182618437418e-08, -2.18324903605288e-07, -2.85656210524214e-07, -3.55497561218926e-07, -4.61414566868085e-07, -5.26608145792583e-07, -6.13971573145662e-07, -4.62532764621061e-07, 1.52913889566504e-07, 7.96898663688073e-07, 9.74256917376159e-07, 7.00404602049917e-07, 3.32372582459131e-07, 3.11829474678934e-07, 3.53378790417006e-07, 5.45885289574331e-08, -3.45404479337191e-07, -3.8615495912073e-07, -1.81505211222559e-11
-5.46789082081812e-11, -9.3236082646057e-07, -2.74102179813656e-07, 6.47472784432881e-07, 7.58130204466898e-07, 2.94011622059122e-07, -2.21946324332485e-07, -4.48892687257557e-07, -8.56000120302746e-07, -1.50973763693201e-06, -1.71500704735572e-06, -9.43058657374345e-07, 3.73738143527243e-07, 1.12787461629838e-06, 2.0711642098033e-07, -1.28257436574957e-06, 3.33268069722553e-07, 3.09811507398562e-06, 1.3099176844308e-06, 4.70785317818165e-12
4.0089188647144e-12, 5.1149226393163e-08, -3.74668349489589e-08, -1.3061149258386e-07, -2.58000966389265e-07, -3.98322655360518e-07, -4.37143876576558e-07, -4.81223253944094e-07, -3.66945177814375e-07, 1.78277385355902e-07, 7.65032798969466e-07, 9.01993573714115e-07, 6.33651040144565e-07, 2.40307379518542e-07, 1.71155864327805e-07, 2.33348114353751e-07, -3.53882613025872e-08, -5.33328087589077e-07, -5.13957878443397e-07, -2.16842703230038e-11
-2.55552036438168e-12, -1.24846522885641e-06, 1.46152389112858e-06, 2.50377112041853e-06, 2.89597214616978e-06, 4.10723413221292e-06, 5.5427705605352e-06, 6.29829183586349e-06, 6.09785550379108e-06, 6.28127873530302e-06, 5.97874259927481e-06, 6.60973133957263e-06, 6.14487393924873e-06, 5.09634657978363e-06, 3.89592399858256e-06, 2.56921066170633e-06, 2.93001339507736e-06, 2.68666269104878e-06, -3.85032275139367e-06, -9.2435495224241e-12
1.18412421172123e-11, 1.62739379311813e-05, 1.62995227027143e-05, 1.05168943506497e-05, 6.78960333540683e-06, 4.67269979505845e-06, 4.19241574191396e-06, 4.62636228747203e-06, 4.59470895496347e-06, 4.20860096941837e-06, 4.14902399181592e-06, 3.86903438481261e-06, 3.47754418947421e-06, 3.9462907758773e-06, 4.74129361748558e-06, 5.64552809038359e-06, 5.03381326375705e-06, 2.90963440242323e-06, -4.97072183402803e-06, -1.73980397628865e-11
0.00499379356066514, 3.01711536349417, 3.04564049130885, 3.1061097236271, 3.15689998941748, 3.18987183148592, 3.21005144745324, 3.22200746755376, 3.22864466168599, 3.23159848477782, 3.23159717806851, 3.22864529299373, 3.22200801432572, 3.21005144685239, 3.18987418998331, 3.15690248592377, 3.10610774021152, 3.04565884858124, 3.01714538316471, 0.00499379356023593
-1.48846615017332e-11, -1.05770493391552e-05, -5.4339847571118e-06, -2.9760875980941e-06, -2.71054365520032e-06, -2.79617914809185e-06, -2.81194584337811e-06, -2.95934207310298e-06, -3.32227863427969e-06, -3.58831754236897e-06, -3.48586103584538e-06, -3.30389557024534e-06, -3.31766091447841e-06, -3.92034471064726e-06, -4.49419638619788e-06, -3.7088022815066e-06, -2.14949566778884e-06, -7.78208630369806e-06, -1.09693498288989e-05, -4.36186302138522e-13
1.46560886623505e-13, -2.85737600977378e-07, -4.63465170070534e-07, -4.06161316503937e-07, -4.8639727918323e-07, -5.48775162365242e-07, -6.38559801173523e-07, -7.76305235494676e-07, -6.47044490761886e-07, -4.9982165079929e-07, -5.0754976199525e-07, -5.5987397995877e-07, -4.66548569210252e-07, -2.40613309517874e-07, 9.33877823020827e-08, -2.45065451141667e-09, 8.60946949738962e-08, 5.93444452655017e-07, 1.56901263441993e-06, 2.33113475511095e-12
-6.81432280637193e-12, -3.36312038042206e-06, -2.640554809398e-07, 2.43370805610356e-07, 6.80646696174389e-08, -1.56457393193399e-07, -6.21651578855946e-08, -1.14841019725497e-07, -5.29846522694468e-07, -8.48103918104456e-07, -8.85812140248906e-07, -7.90030174614609e-07, -9.71318251888942e-07, -1.51053917522344e-06, -2.30698084041307e-06, -1.63927740651182e-06, -5.16466635790841e-07, -5.13068037708237e-06, -7.46398576807795e-06, -1.70457286408308e-12
4.84088626412284e-13, 1.44927634633444e-07, -1.00448889074009e-07, -1.61700417534777e-07, -2.87331230689965e-07, -3.36490214382948e-07, -3.88930273810854e-07, -5.21138072125627e-07, -4.20949670106353e-07, -2.43641565202958e-07, -2.60429059056906e-07, -2.94541387619126e-07, -2.05552747135111e-07, -2.0168286420544e-08, 3.24908017367152e-07, 2.63824803636584e-07, 3.1587545228882e-07, 9.06360273884832e-07, 2.18056001527572e-06, 2.83292149856738e-12
6.04819844307401e-11, 2.58758069771948e-06, 6.38804658221285e-06, 7.01364188521106e-06, 5.2172441392024e-06, 2.01846011719183e-06, -1.77407402434543e-06, -5.43226914229147e-06, -8.20637613358901e-06, -9.77833956909612e-06, -9.69478086386732e-06, -7.50883808295439e-06, -3.80501397992592e-06, 1.01709309138432e-07, 3.36016256698948e-06, 6.0793665939981e-06, 7.41048287414547e-06, 4.81996474935205e-06, 1.30309997475249e-06, 3.01038326539328e-11
-8.17215844101187e-11, -2.86372236191189e-06, -6.57989386790523e-06, -6.68735525403806e-06, -3.21170817998538e-06, 3.89084244626626e-07, 2.10221373601837e-06, 3.22399492869096e-06, 4.82869260600841e-06, 6.69745274422503e-06, 8.02631757544224e-06, 8.23953569778669e-06, 7.0341612407088e-06, 4.11464668566873e-06, 3.23774365206219e-07, -3.23858323082071e-06, -6.88453665959258e-06, -9.4127338185288e-06, -6.43828304448554e-06, -2.60345603121002e-10
-1.15211842785726e-10, -2.55123504765377e-06, -2.83646080884634e-06, -1.25055896744821e-06, -3.02883096344218e-07, -2.98775484807481e-07, -6.57465285183138e-07, -1.03716384113754e-06, -1.50716196305571e-06, -1.90913790953514e-06, -1.53090344398515e-06, -3.42009781085596e-08, 1.9284053482925e-06, 2.84064944068619e-06, 1.61463055598042e-06, -3.40599778742564e-07, 1.20252373192086e-06, 4.75701293950883e-06, 1.81057825019878e-06, -1.11016087827587e-11
-2.82661409047235e-06, 0.267091552289413, 0.242132641680537, 0.15953985609914, 0.098805921898634, 0.0601348854771327, 0.0360318335154137, 0.0208080247875166, 0.0107310443042655, 0.00330934311263564, -0.00329778079801717, -0.0107250348912743, -0.0208056338968774, -0.0360289912250532, -0.0601276288995831, -0.0988003022423653, -0.159550443195106, -0.242151708507853, -0.267097652030864, 2.82658785830175e-06
1.4702840876798e-11, 2.90297096468632e-07, 1.73556093233844e-07, -7.77556941787553e-08, -1.22892617039514e-07, -1.30232169642961e-07, -1.8025538225714e-07, -2.78432821287651e-07, -2.35338176128637e-07, -3.29381012941207e-08, 6.79953344304726e-08, -7.26525816503598e-08, -3.16913230376768e-07, -4.33380401550257e-07, -3.01764462751144e-07, -1.8712311547978e-07, 2.27894721637944e-07, 1.01669223962633e-06, 6.23974065967846e-07, 1.53075934341936e-11
-1.84280765275682e-11, -4.80621287367828e-07, -6.33639501074818e-07, -2.31499753359267e-07, 5.70899512153729e-08, 1.54973941294991e-07, 3.13131413270213e-07, 5.61234383933182e-07, 7.81608389147938e-07, 1.04545095076559e-06, 1.13963236991537e-06, 9.5121838582382e-07, 8.55015597435552e-07, 9.26213271944418e-07, 1.189660370984e-06, 9.28278695926852e-07, -1.7202372407817e-06, -4.19397734713267e-06, -1.6870685850325e-06, -1.41822438779233e-11
1.19529536372778e-11, 2.6988301004864e-07, 2.41847735193918e-07, 4.18035343240375e-08, -8.0931575017199e-08, -2.29697144748373e-07, -2.98438030774353e-07, -3.11612880336505e-07, -1.46933569089542e-07, 3.1188705750398e-08, 1.56685835107461e-08, -8.48372321757612e-08, -1.97075439232154e-07, -2.28157492398987e-07, -1.86502834622237e-07, -3.13185222068864e-07, -3.51564791419886e-08, 9.11495338339125e-07, 6.29083002777478e-07, 1.51894768512675e-11
8.93316853357461e-12, 1.29873401334189e-05, 1.35697837335406e-05, 1.03286958204665e-05, 7.98851204345531e-06, 6.54752488378466e-06, 5.24088413564188e-06, 3.91496390158742e-06, 2.28344516149096e-06, 3.35114087939208e-07, -1.44052363217519e-06, -2.93603140239152e-06, -4.4196913086306e-06, -5.80803739714656e-06, -6.83018846221328e-06, -7.59872654559637e-06, -9.7819583700063e-06, -1.16502050947965e-05, -6.68983546255256e-06, -4.44613150379177e-12
-1.14993668898711e-11, -1.38178977779333e-05, -1.41394177750712e-05, -9.43570660295221e-06, -6.07537261518254e-06, -5.52145863073194e-06, -5.22446014896978e-06, -3.95891861780269e-06, -2.37293143876937e-06, -6.46050673117293e-07, 9.58642008694166e-07, 2.71267564382884e-06, 4.19637008212442e-06, 5.52037224303487e-06, 7.28170097164021e-06, 9.27911483916126e-06, 1.19511443130759e-05, 1.91210259220446e-05, 2.79417907460439e-05, 3.42355430641081e-11
-1.48846615017332e-11, -1.05770493391552e-05, -5.4339847571118e-06, -2.9760875980941e-06, -2.71054365520032e-06, -2.79617914809185e-06, -2.81194584337811e-06, -2.95934207310298e-06, -3.32227863427969e-06, -3.58831754236897e-06, -3.48586103584538e-06, -3.30389557024534e-06, -3.31766091447841e-06, -3.92034471064726e-06, -4.49419638619788e-06, -3.7088022815066e-06, -2.14949566778884e-06, -7.78208630369806e-06, -1.09693498288989e-05, -4.36186302138522e-13
0.00499379354864267, 3.01709388185124, 3.04561816829685, 3.10609412839427, 3.15688641198507, 3.1898561925952, 3.21003472519783, 3.22199189820474, 3.22862979780727, 3.23158421284214, 3.23158331688854, 3.22863162924677, 3.22199670780163, 3.21004332449548, 3.18986682942017, 3.15689337122726, 3.10610468285532, 3.04565598098093, 3.01712888581206, 0.00499379355700842
1.86832034060568e-12, 1.1353845854265e-06, 2.4665434521407e-07, 1.09388234506992e-07, 7.61988265188923e-08, 4.50018135951197e-08, -6.45548871192254e-08, -1.10718993885094e-07, -7.17899571237635e-08, -7.31537641898376e-08, -1.95706628751152e-07, -2.97408064456201e-07, -3.50285870286794e-07, -3.38514573123897e-07, -3.97138836187825e-07, -6.26802393598017e-07, -5.92440758018504e-07, -1.7020301042943e-06, -3.06192344314881e-06, -2.23737570603293e-12
-2.44676358364312e-12, -2.11497956321126e-06, -1.16741088875488e-06, -5.21009331437861e-07, -4.48173934209944e-07, -3.57545792467609e-07, -1.70889413803372e-07, 1.71206045947831e-10, 1.81583147818649e-07, 4.8772011505743e-07, 5.96675276093655e-07, 8.75613054151067e-07, 1.28076330008917e-06, 1.68096916989097e-06, 2.1636041994597e-06, 2.04839033441202e-06, 2.31886845497068e-06, 7.62731003633616e-06, 9.34811466419606e-06, 3.07685485774546e-12
1.54954808647125e-12, 1.1220723623068e-06, 3.95402548158292e-07, 2.47740368909435e-07, 7.72785016693294e-08, 3.87657890647043e-08, -3.47147304841744e-08, -5.87498918140246e-08, -1.7474112296326e-08, -1.17309079671514e-07, -1.95300301716877e-07, -2.16479044845591e-07, -2.57944017002541e-07, -2.53467895599579e-07, -3.71738675158794e-07, -5.40892479393326e-07, -3.14656849016808e-07, -1.36529189309428e-06, -3.08574655598454e-06, -2.23020130739426e-12
1.69211323680979e-12, 3.10473368554394e-08, -5.18865648824419e-08, -2.00724167969097e-07, -2.52663951048111e-07, -2.28267963241227e-07, -2.84601810352821e-07, -4.80406023376259e-07, -3.68300388655702e-07, 1.12580305829379e-07, 5.69744603699763e-07, 7.64435532957261e-07, 5.78382375987474e-07, 1.79295442222391e-07, -1.57683495806851e-07, -9.30878056956085e-08, 1.86749711354601e-07, -3.81833855231307e-08, -2.78993118053867e-07, -1.56722504910505e-11
1.61257993059394e-11, 1.08420565066029e-07, -5.22304977845263e-07, -8.22158821187366e-07, -2.02921318773148e-07, 6.1497852578809e-07, 6.70593273822834e-07, 3.81133270353745e-07, 1.10384687509794e-07, -3.23480328556634e-07, -7.99929787353078e-07, -9.7077382476088e-07, -5.56446174159144e-07, 2.31051099326766e-08, 4.55386686217447e-07, 5.04026899374128e-07, 3.45796047217274e-07, 5.2780753363015e-07, 4.91096507113112e-07, 2.27892946783721e-11
1.64894048595673e-12, -3.73196749729223e-08, -2.18330542952264e-07, -2.85664346120525e-07, -3.55497913086445e-07, -4.61403889614593e-07, -5.2659800627624e-07, -6.13972142480734e-07, -4.62536554057515e-07, 1.52927890842373e-07, 7.96931040608019e-07, 9.74292787564073e-07, 7.00432424020325e-07, 3.32385134365727e-07, 3.11835615320404e-07, 3.5338631505703e-07, 5.45998598857658e-08, -3.45390201446474e-07, -3.86150343482623e-07, -1.81504550772245e-11
1.47028655236438e-11, 2.90298818943715e-07, 1.73563309736166e-07, -7.77464221404714e-08, -1.2289316095662e-07, -1.30244863121728e-07, -1.80271007358054e-07, -2.78449804578618e-07, -2.35356862247218e-07, -3.29602473635952e-08, 6.79674676439941e-08, -7.26798004630098e-08, -3.16926068197514e-07, -4.33373957468758e-07, -3.01741729649476e-07, -1.87111266889896e-07, 2.27867805977097e-07, 1.01666480075389e-06, 6.23969239058313e-07, 1.53075243660855e-11
-2.82660788679386e-06, 0.267092660344113, 0.242136277273535, 0.159543562950568, 0.0988074068538881, 0.060134046584406, 0.0360301814706112, 0.0208053467275637, 0.0107265933475611, 0.00330376867794298, -0.00330199894867712, -0.0107268117926609, -0.0208064568259597, -0.0360314092281302, -0.0601345140470777, -0.0988067344579124, -0.159542860994328, -0.242136311737687, -0.267092745041233, 2.82661042109218e-06
-4.48748496953424e-12, -8.87156758551439e-08, -1.33985613056836e-07, -1.49255459385609e-07, -1.55416267760507e-08, 1.26886483368789e-07, -3.85866649608304e-09, -2.69255411190792e-07, -5.02668097902876e-07, -7.18638661022668e-07, -4.44054407496434e-07, 3.86547849342004e-07, 9.61067134732296e-07, 1.03592493191679e-06, 7.54508632342841e-07, 8.24780611375877e-08, -8.04725883644123e-07, -4.62315144189959e-07, 2.57661702476035e-07, 1.84706464927658e-11
-3.80601832900715e-12, -8.45171189404442e-08, -7.31719300459325e-08, -2.17806065674762e-08, -1.35367379999502e-07, -2.65181377401371e-07, -1.91182576234277e-07, -8.37010894225386e-08, 1.67454569575339e-09, 5.29541403384404e-07, 7.29228308447481e-07, 6.70740931328904e-08, -4.72157848365129e-07, -4.70811848245284e-07, 1.52393372294244e-07, 7.57923818505188e-07, 2.65691821524075e-07, -5.13644576352315e-07, -1.95245551787097e-07, 2.75726995772489e-12
2.13447014322068e-13, 1.11248560563293e-07, -1.83505590803457e-07, -2.41945759644691e-07, -2.41828040079813e-07, -2.38031161520095e-07, -4.07434286008982e-07, -4.97405206065362e-07, -3.28213887213737e-07, -2.76893826131705e-07, -2.58618260252367e-07, -2.60711132768996e-07, -2.54335872414019e-07, -1.43427679759544e-07, 1.90164198715962e-08, 2.73558176964814e-07, 7.39236070329532e-08, -6.84324365998809e-08, 1.02655612847753e-06, 1.96444866364701e-12
1.85987059283165e-12, 4.13491049959128e-09, -1.18985257399099e-06, -8.67556726092779e-07, -5.25247065936341e-08, -6.3776203601044e-08, -2.33624920077033e-07, -1.13268932769469e-07, -8.45892442835665e-08, -2.35279191381794e-07, -3.07155992120571e-07, -3.34747537889343e-07, -2.64557139561757e-07, -5.52012810089033e-07, -6.3389328909428e-07, -9.85349002389312e-07, -8.08081035244281e-07, -1.03117531133902e-06, -2.01317703863301e-06, -2.93192109555711e-12
1.46560886623505e-13, -2.85737600977378e-07, -4.63465170070534e-07, -4.06161316503937e-07, -4.8639727918323e-07, -5.48775162365242e-07, -6.38559801173523e-07, -7.76305235494676e-07, -6.47044490761886e-07, -4.9982165079929e-07, -5.0754976199525e-07, -5.5987397995877e-07, -4.66548569210252e-07, -2.40613309517874e-07, 9.33877823020827e-08, -2.45065451141667e-09, 8.60946949738962e-08, 5.93444452655017e-07, 1.56901263441993e-06, 2.33113475511095e-12
1.86832034060568e-12, 1.1353845854265e-06, 2.4665434521407e-07, 1.09388234506992e-07, 7.61988265188923e-08, 4.50018135951197e-08, -6.45548871192254e-08, -1.10718993885094e-07, -7.17899571237635e-08, -7.31537641898376e-08, -1.95706628751152e-07, -2.97408064456201e-07, -3.50285870286794e-07, -3.38514573123897e-07, -3.97138836187825e-07, -6.26802393598017e-07, -5.92440758018504e-07, -1.7020301042943e-06, -3.06192344314881e-06, -2.23737570603293e-12
0.00499379355031738, 3.0171002050043, 3.04562575613155, 3.10609908728362, 3.15688912616545, 3.18985872248159, 3.21003707816913, 3.22199280401031, 3.22862959949028, 3.23158324675518, 3.23158251847258, 3.22862931807836, 3.22199299650015, 3.21003722624221, 3.18985914856334, 3.15688893689169, 3.10609818326918, 3.04562544185153, 3.01710077213667, 0.00499379355012021
-5.69630320510273e-13, -3.54100317407076e-07, -3.16644058833808e-07, -2.11007181616457e-07, -5.50427977310638e-08, -7.28653414623075e-08, -2.3965585098797e-07, -2.63963038559515e-07, -3.94004650855208e-07, -4.81957554487503e-07, -2.58041005337078e-07, -1.82893101865012e-07, -3.45055383418266e-07, -2.60888986949833e-07, -2.07215002988936e-07, -9.24210884334145e-08, 4.05639552078268e-07, 1.34414364528938e-06, -7.66530596129616e-07, -2.2534193390436e-12
-4.92114573546939e-13, -3.48983573156134e-07, -1.20194418570466e-07, -1.1208973228404e-07, -2.54016334474729e-07, -2.30850799711215e-07, -1.6776146034607e-07, -2.34250015688758e-07, -1.52926216806198e-07, 1.91714869168577e-07, -2.06664291232696e-07, -2.52315159193994e-07, -4.20255886537321e-08, 1.31603424579957e-07, 2.93430289363233e-07, -1.17442964564042e-07, -4.70206823860356e-07, 7.37664044860918e-07, 1.23723403693257e-06, -1.22703033742362e-13
6.8620860611718e-12, 3.80428915616086e-07, 1.1796669601359e-06, 1.56754077020339e-06, 1.29483603205947e-06, 4.915780216681e-07, -5.75184210341615e-07, -1.65192959886398e-06, -2.35909168689974e-06, -2.72596011182196e-06, -2.87613808796656e-06, -2.3671226728907e-06, -1.04595235740531e-06, 3.48959699104649e-07, 1.29310897061838e-06, 2.07584588446353e-06, 2.57592353865074e-06, 1.89185330802926e-06, 5.19755051648023e-07, 7.34286146884166e-12
4.398791944272e-12, 4.04790846090021e-08, -3.25230352879802e-07, -1.17833479061349e-06, -1.89070852503051e-06, -1.50469190436059e-06, -5.16758092934494e-07, 1.4742875668351e-07, 7.35922796702654e-07, 1.38082019494588e-06, 1.85217049791032e-06, 1.89154879834204e-06, 1.57657999288844e-06, 1.09562192326467e-06, 6.18615460779631e-07, 2.48716338236709e-07, -5.45225238428078e-07, -1.7570941355375e-06, -1.95841017124159e-06, -1.00425496753206e-10
-5.46788701352125e-11, -9.32358165684417e-07, -2.74094374213459e-07, 6.47469644527819e-07, 7.58099419823595e-07, 2.9395131718642e-07, -2.22035338170359e-07, -4.48999505927597e-07, -8.56115387997945e-07, -1.50987454533672e-06, -1.71517084924395e-06, -9.43207457596945e-07, 3.73652407785762e-07, 1.12784681022506e-06, 2.07113871387724e-07, -1.28257228838312e-06, 3.33273521917905e-07, 3.09811816055619e-06, 1.30991741995623e-06, 4.70784939382298e-12
-1.84280909432573e-11, -4.80622294825961e-07, -6.33641470330269e-07, -2.31492480470625e-07, 5.71160908719445e-08, 1.55003079839602e-07, 3.13144355696267e-07, 5.61233601917098e-07, 7.81605000254276e-07, 1.04545133780727e-06, 1.13964020418059e-06, 9.51232814900811e-07, 8.55022400102734e-07, 9.26202175383251e-07, 1.18963033857761e-06, 9.28259110491787e-07, -1.72020474591025e-06, -4.1939386170442e-06, -1.68706116253511e-06, -1.41821376696242e-11
-4.48748692607121e-12, -8.87158125901302e-08, -1.33986120571824e-07, -1.49255521319388e-07, -1.55394057496562e-08, 1.26891006200168e-07, -3.85261556208229e-09, -2.69246973349348e-07, -5.02656034771792e-07, -7.1862073981116e-07, -4.44036556286164e-07, 3.86553879415442e-07, 9.61061393260215e-07, 1.03591343034361e-06, 7.54496146747946e-07, 8.2472976635096e-08, -8.04718151663681e-07, -4.62306755060214e-07, 2.57663283608005e-07, 1.84706691171372e-11
-2.82661224583209e-06, 0.267092584809232, 0.242136391939775, 0.159544282502439, 0.0988089119704356, 0.060136235584574, 0.0360327888050901, 0.0208080213978508, 0.0107287447867397, 0.00330456788509558, -0.00330223576088001, -0.0107268936251065, -0.0208067110703487, -0.0360324107049123, -0.0601362352590607, -0.0988089924282173, -0.159545657599838, -0.242139323121131, -0.267094110489523, 2.82657636582106e-06
2.08933637725494e-12, 3.18883986619938e-08, -2.40034483568081e-09, -5.36595231375146e-08, -6.04188211312086e-08, -1.20579773392193e-07, -2.47218106844106e-07, -4.04620479402734e-07, -6.61494993693687e-07, -6.60007326993819e-07, -1.13270687296151e-07, 2.72160657249119e-07, 1.90695790949963e-07, 7.02291206482834e-08, 6.18445986563104e-08, 1.97082309907384e-07, 2.76146068099217e-07, 6.52191772404682e-07, 5.96562286181008e-07, 2.38529332443852e-11
1.0904064102752e-12, 2.00053114883154e-06, 2.63454284117008e-06, 2.21127285996287e-06, 1.68095804151025e-06, 1.25875647500988e-06, 9.00343284058114e-07, 5.03441870614518e-07, 1.58183051605717e-07, -5.16780653795899e-07, -1.105976772179e-06, -1.4465606304349e-06, -1.73527590356148e-06, -2.30151132204051e-06, -2.62454877791054e-06, -2.79594075362355e-06, -3.44918393527635e-06, -4.33760743230558e-06, -2.82784674681531e-06, -1.26620394283595e-12
5.19074911750241e-13, 4.68715842828451e-08, -9.59625701252888e-07, -1.76355843926663e-06, -1.80820682495745e-06, -1.24264130281887e-06, -1.34612201431047e-06, -1.38971049585399e-06, -1.16137157939691e-06, -8.36420628516828e-07, -5.44507174630569e-07, -2.54356483877658e-07, 1.43364073763507e-07, 5.36234437627673e-07, 9.92816677558855e-07, 1.38617636795782e-06, 1.67352484507627e-06, 3.44278884122111e-06, 7.66672482927108e-06, 1.27335265974218e-11
-6.81432280637193e-12, -3.36312038042206e-06, -2.640554809398e-07, 2.43370805610356e-07, 6.80646696174389e-08, -1.56457393193399e-07, -6.21651578855946e-08, -1.14841019725497e-07, -5.29846522694468e-07, -8.48103918104456e-07, -8.85812140248906e-07, -7.90030174614609e-07, -9.71318251888942e-07, -1.51053917522344e-06, -2.30698084041307e-06, -1.63927740651182e-06, -5.16466635790841e-07, -5.13068037708237e-06, -7.46398576807795e-06, -1.70457286408308e-12
-2.44676358364312e-12, -2.11497956321126e-06, -1.16741088875488e-06, -5.21009331437861e-07, -4.48173934209944e-07, -3.57545792467609e-07, -1.70889413803372e-07, 1.71206045947831e-10, 1.81583147818649e-07, 4.8772011505743e-07, 5.96675276093655e-07, 8.75613054151067e-07, 1.28076330008917e-06, 1.68096916989097e-06, 2.1636041994597e-06, 2.04839033441202e-06, 2.31886845497068e-06, 7.62731003633616e-06, 9.34811466419606e-06, 3.07685485774546e-12
-5.69630320510273e-13, -3.54100317407076e-07, -3.16644058833808e-07, -2.11007181616457e-07, -5.50427977310638e-08, -7.28653414623075e-08, -2.3965585098797e-07, -2.63963038559515e-07, -3.94004650855208e-07, -4.81957554487503e-07, -2.58041005337078e-07, -1.82893101865012e-07, -3.45055383418266e-07, -2.60888986949833e-07, -2.07215002988936e-07, -9.24210884334145e-08, 4.05639552078268e-07, 1.34414364528938e-06, -7.66530596129616e-07, -2.2534193390436e-12
0.00499379354977183, 3.01709994172441, 3.04562618550227, 3.10610020585543, 3.15689070653874, 3.1898606849625, 3.21003944315128, 3.22199557981465, 3.22863255014231, 3.2315862319582, 3.23158621928026, 3.22863339724614, 3.2219965590065, 3.21004092816665, 3.18986282097661, 3.15689297496122, 3.10610249084886, 3.04563160040153, 3.0171075204149, 0.00499379355507008
2.57014593685427e-13, 1.06400847272221e-07, -1.80830773617107e-08, -5.74657967151158e-08, -3.78624543062088e-08, -1.52046858338849e-07, -1.99346410036453e-07, -3.54513373462981e-07, -5.11223670184598e-07, -4.2603704984147e-07, -3.35350614436813e-07, -6.59733759219043e-07, -6.97457192606737e-07, -6.67309239416764e-07, -6.07596248168116e-07, -6.58705943552269e-07, -8.29816924531367e-07, -1.11608256002124e-06, -2.57959318292629e-06, -3.1447309896708e-12
9.90582273711399e-13, 1.6463531927456e-08, -7.71225604363367e-08, -2.52102872015789e-07, -2.98188979013965e-07, -1.85786988905662e-07, -1.80138940735204e-07, -3.18412691117321e-07, -1.42696671291395e-07, 2.41892320329974e-07, 5.36547609723393e-07, 6.18753374730708e-07, 3.49095577611509e-07, -3.33120381455133e-08, -2.11758768277456e-07, -6.34370355683475e-09, 2.26167601603573e-07, -6.50538314703778e-08, -2.27037155568042e-07, -1.07169154783178e-11
2.34513933805339e-11, 3.36689916775672e-07, -9.51870104332636e-08, -6.16381248200523e-07, -2.00380894836522e-07, 6.325439000961e-07, 5.8911518343825e-07, 2.96002275211121e-07, 1.30074612382915e-07, -2.03276569959178e-07, -6.1401387745753e-07, -7.67343223795582e-07, -5.49712528576326e-07, -1.44913934293892e-07, 2.87186456071208e-07, 3.38572146801616e-07, 9.43840200993647e-08, 2.04795082268826e-07, 3.18200797166973e-07, 1.70331845225229e-11
4.00889336693372e-12, 5.11474444494545e-08, -3.74744893143267e-08, -1.30625569572907e-07, -2.58006227266433e-07, -3.98311357994347e-07, -4.37131283465267e-07, -4.81219324868214e-07, -3.66944673337411e-07, 1.78292421099829e-07, 7.6506459359998e-07, 9.02029933660212e-07, 6.33679901562417e-07, 2.40321629511809e-07, 1.71162160708369e-07, 2.33350098697194e-07, -3.5379961571798e-08, -5.33311099112116e-07, -5.13951979945139e-07, -2.16841859215638e-11
1.19529771995513e-11, 2.69884656727048e-07, 2.41855032106003e-07, 4.18151852213791e-08, -8.09296125396976e-08, -2.29707945812001e-07, -2.9845029723897e-07, -3.11626839734639e-07, -1.46949963633446e-07, 3.11677505076807e-08, 1.56409778482707e-08, -8.48657662408583e-08, -1.97093227796175e-07, -2.28157313403255e-07, -1.86485941932708e-07, -3.13177601900989e-07, -3.51850657370702e-08, 9.11466482935904e-07, 6.2907770991978e-07, 1.51894011159207e-11
-3.80601674650487e-12, -8.45170083453288e-08, -7.3171436917893e-08, -2.17797537857373e-08, -1.35367025365698e-07, -2.65181764836858e-07, -1.91182955971801e-07, -8.37013646896907e-08, 1.67425612105934e-09, 5.29540492989879e-07, 7.29227043139106e-07, 6.70744762151803e-08, -4.72155553970162e-07, -4.70809377673858e-07, 1.52394064795322e-07, 7.57922627449046e-07, 2.6569015188778e-07, -5.13645453258323e-07, -1.95245648341688e-07, 2.75726857612804e-12
2.08933722411564e-12, 3.18884578458935e-08, -2.40006950894136e-09, -5.3659324034959e-08, -6.04204181469108e-08, -1.205838275542e-07, -2.47223243634931e-07, -4.04627511774055e-07, -6.61505993960994e-07, -6.60022362690575e-07, -1.13284148532193e-07, 2.72152662291504e-07, 1.90691323112748e-07, 7.02272500590097e-08, 6.18454112782115e-08, 1.97082078869905e-07, 2.76138428191106e-07, 6.52183837265545e-07, 5.96560617859353e-07, 2.38529093724191e-11
-2.82661114551862e-06, 0.267092595210416, 0.242136227376197, 0.159543659291771, 0.0988077012111795, 0.0601343297323346, 0.0360302968336312, 0.020805350462948, 0.0107264835508253, 0.00330368292471346, -0.00330168031241631, -0.010726306203412, -0.0208061781082848, -0.0360312157605559, -0.0601344821756461, -0.0988070942234746, -0.15954342083823, -0.242136901068752, -0.267093059629754, 2.82660099778312e-06
1.23768392775079e-13, 5.15131067467137e-08, -2.45800368951678e-07, -3.24413508562412e-07, -2.75237344711609e-07, -2.13764475868796e-07, -3.97603540891351e-07, -4.07011865366074e-07, -2.33093908168959e-07, -2.24475881438169e-07, -1.69963196800358e-07, -1.78199757036347e-07, -1.93852970803804e-07, -6.46223101739416e-08, 9.15467105707464e-08, 2.35215918412874e-07, -4.44470094012515e-08, -5.03883282355981e-08, 9.09098065967971e-07, 1.37673364597795e-12
2.86562809604322e-12, 1.06905797199577e-06, -3.33654562289683e-07, -5.91167081988601e-07, 3.31647658877897e-07, 2.1717738109886e-07, -1.68302474330771e-09, 1.63789497069435e-07, 2.01625815764046e-07, 5.37260838847375e-08, 7.00520059948872e-09, -1.01082470765587e-08, -2.65028011302101e-08, -1.52782114175009e-07, -2.43729631531785e-07, -5.82525012839887e-07, -4.22537886541118e-07, -3.65801632737832e-07, -1.21385839754081e-06, -2.14755263879182e-12
4.84088626412284e-13, 1.44927634633444e-07, -1.00448889074009e-07, -1.61700417534777e-07, -2.87331230689965e-07, -3.36490214382948e-07, -3.88930273810854e-07, -5.21138072125627e-07, -4.20949670106353e-07, -2.43641565202958e-07, -2.60429059056906e-07, -2.94541387619126e-07, -2.05552747135111e-07, -2.0168286420544e-08, 3.24908017367152e-07, 2.63824803636584e-07, 3.1587545228882e-07, 9.06360273884832e-07, 2.18056001527572e-06, 2.83292149856738e-12
1.54954808647125e-12, 1.1220723623068e-06, 3.95402548158292e-07, 2.47740368909435e-07, 7.72785016693294e-08, 3.87657890647043e-08, -3.47147304841744e-08, -5.87498918140246e-08, -1.7474112296326e-08, -1.17309079671514e-07, -1.95300301716877e-07, -2.16479044845591e-07, -2.57944017002541e-07, -2.53467895599579e-07, -3.71738675158794e-07, -5.40892479393326e-07, -3.14656849016808e-07, -1.36529189309428e-06, -3.08574655598454e-06, -2.23020130739426e-12
-4.92114573546939e-13, -3.48983573156134e-07, -1.20194418570466e-07, -1.1208973228404e-07, -2.54016334474729e-07, -2.30850799711215e-07, -1.6776146034607e-07, -2.34250015688758e-07, -1.52926216806198e-07, 1.91714869168577e-07, -2.06664291232696e-07, -2.52315159193994e-07, -4.20255886537321e-08, 1.31603424579957e-07, 2.93430289363233e-07, -1.17442964564042e-07, -4.70206823860356e-07, 7.37664044860918e-07, 1.23723403693257e-06, -1.22703033742362e-13
2.57014593685427e-13, 1.06400847272221e-07, -1.80830773617107e-08, -5.74657967151158e-08, -3.78624543062088e-08, -1.52046858338849e-07, -1.99346410036453e-07, -3.54513373462981e-07, -5.11223670184598e-07, -4.2603704984147e-07, -3.35350614436813e-07, -6.59733759219043e-07, -6.97457192606737e-07, -6.67309239416764e-07, -6.07596248168116e-07, -6.58705943552269e-07, -8.29816924531367e-07, -1.11608256002124e-06, -2.57959318292629e-06, -3.1447309896708e-12
0.00499379354990265, 3.01709994790975, 3.04562568048016, 3.10609924526135, 3.15688935373748, 3.18985884772458, 3.21003721916405, 3.22199297509794, 3.22862973346617, 3.23158352185006, 3.23158297038925, 3.22862955834973, 3.22199334126951, 3.21003776710071, 3.189859620006, 3.15688953430158, 3.10609911085401, 3.04562662603412, 3.0171022631124, 0.00499379355143313